bebd3b01-1395-4e0f-8447-848a6356bb94,Home & Living,https://www.kmart.com.au/category/home-&-living/home-by-category/online-exclusives/500501#.plp-wrapper,Online Exclusives,https://www.kmart.com.au/category/home-&-living/home-by-category/online-exclusives/500501#.plp-wrapper,Mattress In A Box - King,https://www.kmart.com.au/product/mattress-in-a-box---king/3085829,https://www.kmart.com.au/wcsstore/Kmart/images/ncatalog/sz/2/42929192-1-sz.jpg,209.00,-,5.0 ,1 ,;ONLINE ONLY,
02711c8f-4370-4665-8a15-43639b8039c3,Home & Living,https://www.kmart.com.au/category/home-&-living/home-by-category/online-exclusives/500501#.plp-wrapper,Online Exclusives,https://www.kmart.com.au/category/home-&-living/home-by-category/online-exclusives/500501#.plp-wrapper,Mattress In A Box - Single,https://www.kmart.com.au/product/mattress-in-a-box---single/2890392,https://www.kmart.com.au/wcsstore/Kmart/images/ncatalog/sz/7/42871767-1-sz.jpg,149.00,-,4.8 ,34 ,;ONLINE ONLY,
3bf9bc55-d8a1-4ae4-9bee-a24664b60592,Home & Living,https://www.kmart.com.au/category/home-&-living/home-by-category/online-exclusives/500501#.plp-wrapper,Online Exclusives,https://www.kmart.com.au/category/home-&-living/home-by-category/online-exclusives/500501#.plp-wrapper,Mattress In A Box - Double,https://www.kmart.com.au/product/mattress-in-a-box---double/2890393,https://www.kmart.com.au/wcsstore/Kmart/images/ncatalog/sz/4/42871774-1-sz.jpg,169.00,-,4.8 ,72 ,;ONLINE ONLY,
9816a637-1957-4ab7-840a-81c21f541456,Home & Living,https://www.kmart.com.au/category/home-&-living/home-by-category/online-exclusives/500501#.plp-wrapper,Online Exclusives,https://www.kmart.com.au/category/home-&-living/home-by-category/online-exclusives/500501#.plp-wrapper,Mattress In A Box - Queen,https://www.kmart.com.au/product/mattress-in-a-box---queen/2890394,https://www.kmart.com.au/wcsstore/Kmart/images/ncatalog/sz/1/42871781-1-sz.jpg,189.00,-,4.8 ,85 ,;ONLINE ONLY,
f29c5700-cde8-4b30-ab99-0d7bd12ee8ab,Home & Living,https://www.kmart.com.au/category/home-&-living/home-by-category/online-exclusives/500501#.plp-wrapper,Online Exclusives,https://www.kmart.com.au/category/home-&-living/home-by-category/online-exclusives/500501#.plp-wrapper,2 Seater Sofa,https://www.kmart.com.au/product/2-seater-sofa/2860933,https://www.kmart.com.au/wcsstore/Kmart/images/ncatalog/sz/2/42864042-1-sz.jpg,199.00,-,5.0 ,4 ,;ONLINE ONLY,
2f118b29-beca-469c-b22d-d19ac715ac5b,Home & Living,https://www.kmart.com.au/category/home-&-living/home-by-category/online-exclusives/500501#.plp-wrapper,Online Exclusives,https://www.kmart.com.au/category/home-&-living/home-by-category/online-exclusives/500501#.plp-wrapper,Queen Bed Frame,https://www.kmart.com.au/product/queen-bed-frame/2989301,https://www.kmart.com.au/wcsstore/Kmart/images/ncatalog/sz/1/42871651-1-sz.jpg,229.00,-,4.9 ,14 ,;ONLINE ONLY,
494cebc8-2c90-4fed-9304-60991a780581,Home & Living,https://www.kmart.com.au/category/home-&-living/home-by-category/online-exclusives/500501#.plp-wrapper,Online Exclusives,https://www.kmart.com.au/category/home-&-living/home-by-category/online-exclusives/500501#.plp-wrapper,Single Bed Frame,https://www.kmart.com.au/product/single-bed-frame/2994301,https://www.kmart.com.au/wcsstore/Kmart/images/ncatalog/sz/7/42871637-1-sz.jpg,149.00,-,5.0 ,4 ,;ONLINE ONLY,
25cadb16-5290-4747-9bf4-505b35152340,Home & Living,https://www.kmart.com.au/category/home-&-living/home-by-category/online-exclusives/500501#.plp-wrapper,Online Exclusives,https://www.kmart.com.au/category/home-&-living/home-by-category/online-exclusives/500501#.plp-wrapper,Velvet Lounge Chair - Grey,https://www.kmart.com.au/product/velvet-lounge-chair---grey/2851893,https://www.kmart.com.au/wcsstore/Kmart/images/ncatalog/sz/1/42863571-1-sz.jpg,49.00,-,4.7 ,11 ,;ONLINE ONLY

					Out of stock online,
a5fadf90-cdeb-4eb1-83da-cc00ebc5ee41,Home & Living,https://www.kmart.com.au/category/home-&-living/home-by-category/online-exclusives/500501#.plp-wrapper,Online Exclusives,https://www.kmart.com.au/category/home-&-living/home-by-category/online-exclusives/500501#.plp-wrapper,Upholstered Timber Chair - Black,https://www.kmart.com.au/product/upholstered-timber-chair---black/2859426,https://www.kmart.com.au/wcsstore/Kmart/images/ncatalog/sz/6/42864066-1-sz.jpg,69.00,-,4.6 ,22 ,;ONLINE ONLY

					Out of stock online,
e50e98de-b756-4b29-acd7-dc2f488b9e01,Home & Living,https://www.kmart.com.au/category/home-&-living/home-by-category/online-exclusives/500501#.plp-wrapper,Online Exclusives,https://www.kmart.com.au/category/home-&-living/home-by-category/online-exclusives/500501#.plp-wrapper,Upholstered Timber Chair - Grey,https://www.kmart.com.au/product/upholstered-timber-chair---grey/2879383,https://www.kmart.com.au/wcsstore/Kmart/images/ncatalog/sz/9/42871859-1-sz.jpg,69.00,-,4.7 ,18 ,;ONLINE ONLY

					Out of stock online,
