cf22754a-3d5c-4849-b654-b3d4a8e05cd3,Kids & Baby,https://www.kmart.com.au/category/kids-&-baby/baby/baby-safety/251125#.plp-wrapper,Baby Safety,https://www.kmart.com.au/category/kids-&-baby/baby/baby-safety/251125#.plp-wrapper,Childcare Smart Mood Light,https://www.kmart.com.au/product/childcare-smart-mood-light/3050830,https://www.kmart.com.au/wcsstore/Kmart/images/ncatalog/sz/9/42896159-1-sz.jpg,29.00,-,5.0 ,1 ,;,
e1af03b7-ec8a-4118-a066-764da04f1931,Kids & Baby,https://www.kmart.com.au/category/kids-&-baby/baby/baby-safety/251125#.plp-wrapper,Baby Safety,https://www.kmart.com.au/category/kids-&-baby/baby/baby-safety/251125#.plp-wrapper,Mirabella Bebe Wi-Fi 1080p Full HD Flexi Baby Camera,https://www.kmart.com.au/product/mirabella-bebe-wi-fi-1080p-full-hd-flexi-baby-camera/3102303,https://www.kmart.com.au/wcsstore/Kmart/images/ncatalog/sz/9/42879459-1-sz.jpg,99.00,-,5.0 ,1 ,;,
c5fa9a8d-3a50-4d02-a530-80a0196514c3,Kids & Baby,https://www.kmart.com.au/category/kids-&-baby/baby/baby-safety/251125#.plp-wrapper,Baby Safety,https://www.kmart.com.au/category/kids-&-baby/baby/baby-safety/251125#.plp-wrapper,Mirabella Bebe Full HD Pan & Tilt Camera,https://www.kmart.com.au/product/mirabella-bebe-full-hd-pan--tilt-camera/3102302,https://www.kmart.com.au/wcsstore/Kmart/images/ncatalog/sz/8/42879428-1-sz.jpg,99.00,-,5.0 ,1 ,;,
56b9cb7a-ab00-45b4-aeaf-68bb60d4374b,Kids & Baby,https://www.kmart.com.au/category/kids-&-baby/baby/baby-safety/251125#.plp-wrapper,Baby Safety,https://www.kmart.com.au/category/kids-&-baby/baby/baby-safety/251125#.plp-wrapper,Foam Edge and Corner Protectors,https://www.kmart.com.au/product/foam-edge-and-corner-protectors/2789324,https://www.kmart.com.au/wcsstore/Kmart/images/ncatalog/sz/5/42818755-1-sz.jpg,10.00,-,5.0 ,5 ,;,
e16067ae-3546-47eb-a9e4-03bd6a777bb4,Kids & Baby,https://www.kmart.com.au/category/kids-&-baby/baby/baby-safety/251125#.plp-wrapper,Baby Safety,https://www.kmart.com.au/category/kids-&-baby/baby/baby-safety/251125#.plp-wrapper,3 Way Baby Carrier,https://www.kmart.com.au/product/3-way-baby-carrier/2746303,https://www.kmart.com.au/wcsstore/Kmart/images/ncatalog/sz/2/42770862-1-sz.jpg,39.00,-,4.6 ,8 ,;,
ee203e45-e3d8-4028-8eac-7554712eaccd,Kids & Baby,https://www.kmart.com.au/category/kids-&-baby/baby/baby-safety/251125#.plp-wrapper,Baby Safety,https://www.kmart.com.au/category/kids-&-baby/baby/baby-safety/251125#.plp-wrapper,45 Piece Safety Combo Pack,https://www.kmart.com.au/product/45-piece-safety-combo-pack/2656302,https://www.kmart.com.au/wcsstore/Kmart/images/ncatalog/sz/4/42747604-1-sz.jpg,22.00,-,4.4 ,14 ,;,
deee96e5-7fd8-4951-8382-09b6377e879f,Kids & Baby,https://www.kmart.com.au/category/kids-&-baby/baby/baby-safety/251125#.plp-wrapper,Baby Safety,https://www.kmart.com.au/category/kids-&-baby/baby/baby-safety/251125#.plp-wrapper,VTech Safe & Sound Video and Audio Baby Monitor BM2800,https://www.kmart.com.au/product/vtech-safe--sound-video-and-audio-baby-monitor-bm2800/2339335,https://www.kmart.com.au/wcsstore/Kmart/images/ncatalog/sz/5/42731535-1-sz.jpg,99.00,-,4.8 ,57 ,;,
9bdb9c68-097b-4078-b72f-4b2dc8ccd4e2,Kids & Baby,https://www.kmart.com.au/category/kids-&-baby/baby/baby-safety/251125#.plp-wrapper,Baby Safety,https://www.kmart.com.au/category/kids-&-baby/baby/baby-safety/251125#.plp-wrapper,2 Sun Shades,https://www.kmart.com.au/product/2-sun-shades/2127364,https://www.kmart.com.au/wcsstore/Kmart/images/ncatalog/sz/6/42627906-1-sz.jpg,4.00											WAS 5 on 03/03/2020,4.00											,4.9 ,8 ,;,
5f040672-f14d-4484-8549-778d64bcc6c5,Kids & Baby,https://www.kmart.com.au/category/kids-&-baby/baby/baby-safety/251125#.plp-wrapper,Baby Safety,https://www.kmart.com.au/category/kids-&-baby/baby/baby-safety/251125#.plp-wrapper,VTech Monkey Soother,https://www.kmart.com.au/product/vtech-monkey-soother/2127347,https://www.kmart.com.au/wcsstore/Kmart/images/ncatalog/sz/1/42619581-1-sz.jpg,39.00,-,4.9 ,19 ,;,
81032365-3ad6-43dd-aa87-312b91e57af9,Kids & Baby,https://www.kmart.com.au/category/kids-&-baby/baby/baby-safety/251125#.plp-wrapper,Baby Safety,https://www.kmart.com.au/category/kids-&-baby/baby/baby-safety/251125#.plp-wrapper,Safety 1st 3-in-1 Nursery Thermometer,https://www.kmart.com.au/product/safety-1st-3-in-1-nursery-thermometer/2026357,https://www.kmart.com.au/wcsstore/Kmart/images/ncatalog/sz/2/42586982-1-sz.jpg,9.00,-,5.0 ,1 ,;,
2eb2d714-f021-4c42-aec5-a1748bc34ed9,Kids & Baby,https://www.kmart.com.au/category/kids-&-baby/baby/baby-safety/251125#.plp-wrapper,Baby Safety,https://www.kmart.com.au/category/kids-&-baby/baby/baby-safety/251125#.plp-wrapper,Tall & Wide Metal Gate,https://www.kmart.com.au/product/tall--wide-metal-gate/1926466,https://www.kmart.com.au/wcsstore/Kmart/images/ncatalog/sz/5/42584155-1-sz.jpg,59.00,-,4.7 ,44 ,;,
2c5fb891-e412-4405-a526-2d1bf6a2b545,Kids & Baby,https://www.kmart.com.au/category/kids-&-baby/baby/baby-safety/251125#.plp-wrapper,Baby Safety,https://www.kmart.com.au/category/kids-&-baby/baby/baby-safety/251125#.plp-wrapper,Projector Night Light,https://www.kmart.com.au/product/projector-night-light/1679808,https://www.kmart.com.au/wcsstore/Kmart/images/ncatalog/sz/0/42516040-1-sz.jpg,20.00,-,4.7 ,21 ,;Back online soon,
8acb9cf9-a0b3-4662-bede-7ae853c497aa,Kids & Baby,https://www.kmart.com.au/category/kids-&-baby/baby/baby-safety/251125#.plp-wrapper,Baby Safety,https://www.kmart.com.au/category/kids-&-baby/baby/baby-safety/251125#.plp-wrapper,Folding Bed Rail,https://www.kmart.com.au/product/folding-bed-rail/1403801,https://www.kmart.com.au/wcsstore/Kmart/images/ncatalog/sz/8/42399438-1-sz.jpg,30.00,-,4.7 ,53 ,;,
4c081094-f3f5-48f7-bc26-90266b047e89,Kids & Baby,https://www.kmart.com.au/category/kids-&-baby/baby/baby-safety/251125#.plp-wrapper,Baby Safety,https://www.kmart.com.au/category/kids-&-baby/baby/baby-safety/251125#.plp-wrapper,BabyLove Taurus II Harnessed Booster,https://www.kmart.com.au/product/babylove-taurus-ii-harnessed-booster/998302,https://www.kmart.com.au/wcsstore/Kmart/images/ncatalog/sz/4/42398264-1-sz.jpg,149.00,-,4.9 ,62 ,;,
f3e9a6e4-8092-4e8c-a615-282849b30523,Kids & Baby,https://www.kmart.com.au/category/kids-&-baby/baby/baby-safety/251125#.plp-wrapper,Baby Safety,https://www.kmart.com.au/category/kids-&-baby/baby/baby-safety/251125#.plp-wrapper,Duck Bath Thermometer,https://www.kmart.com.au/product/duck-bath-thermometer/970273,https://www.kmart.com.au/wcsstore/Kmart/images/ncatalog/sz/0/42369820-1-sz.jpg,5.00,-,4.2 ,5 ,;,
33b3b8e4-99c0-4c65-b990-a0375c1f9127,Kids & Baby,https://www.kmart.com.au/category/kids-&-baby/baby/baby-safety/251125#.plp-wrapper,Baby Safety,https://www.kmart.com.au/category/kids-&-baby/baby/baby-safety/251125#.plp-wrapper,Night Light Thermometer,https://www.kmart.com.au/product/night-light-thermometer/937315,https://www.kmart.com.au/wcsstore/Kmart/images/ncatalog/sz/0/42266020-1-sz.jpg,25.00,-,4.8 ,4 ,;,
0be774b2-139e-4c0f-912b-7b49ecdfd78d,Kids & Baby,https://www.kmart.com.au/category/kids-&-baby/baby/baby-safety/251125#.plp-wrapper,Baby Safety,https://www.kmart.com.au/category/kids-&-baby/baby/baby-safety/251125#.plp-wrapper,Shell Nightlight,https://www.kmart.com.au/product/shell-nightlight/911465,https://www.kmart.com.au/wcsstore/Kmart/images/ncatalog/sz/4/42361084-1-sz.jpg,5.00,-,4.7 ,23 ,;,
99492c20-6ba4-4e41-a869-9fcade653983,Kids & Baby,https://www.kmart.com.au/category/kids-&-baby/baby/baby-safety/251125#.plp-wrapper,Baby Safety,https://www.kmart.com.au/category/kids-&-baby/baby/baby-safety/251125#.plp-wrapper,Storm Cover,https://www.kmart.com.au/product/storm-cover/907301,https://www.kmart.com.au/wcsstore/Kmart/images/ncatalog/sz/4/42256144-1-sz.jpg,7.50,-,4.3 ,6 ,;,
d7ca64f6-d582-45e1-bffa-b91f58a6f8a5,Kids & Baby,https://www.kmart.com.au/category/kids-&-baby/baby/baby-safety/251125#.plp-wrapper,Baby Safety,https://www.kmart.com.au/category/kids-&-baby/baby/baby-safety/251125#.plp-wrapper,VTech Safe & Sound Audio Monitor BM1100,https://www.kmart.com.au/product/vtech-safe--sound-audio-monitor-bm1100/782437,https://www.kmart.com.au/wcsstore/Kmart/images/ncatalog/sz/0/42298700-1-sz.jpg,49.00,-,4.7 ,19 ,;,
eb208889-c208-4eeb-b213-803a8c11e0b5,Kids & Baby,https://www.kmart.com.au/category/kids-&-baby/baby/baby-safety/251125#.plp-wrapper,Baby Safety,https://www.kmart.com.au/category/kids-&-baby/baby/baby-safety/251125#.plp-wrapper,3-in-1 Playpen,https://www.kmart.com.au/product/3-in-1-playpen/738833,https://www.kmart.com.au/wcsstore/Kmart/images/ncatalog/sz/5/42193715-1-sz.jpg,129.00,-,5.0 ,17 ,;,
876bf4f3-2ec3-41e5-95f8-9ace34cf0ab2,Kids & Baby,https://www.kmart.com.au/category/kids-&-baby/baby/baby-safety/251125#.plp-wrapper,Baby Safety,https://www.kmart.com.au/category/kids-&-baby/baby/baby-safety/251125#.plp-wrapper,Metal Gate,https://www.kmart.com.au/product/metal-gate/738895,https://www.kmart.com.au/wcsstore/Kmart/images/ncatalog/sz/6/42197096-1-sz.jpg,49.00,-,4.8 ,109 ,;,
a370348d-d802-4772-b988-2829e233056a,Kids & Baby,https://www.kmart.com.au/category/kids-&-baby/baby/baby-safety/251125#.plp-wrapper,Baby Safety,https://www.kmart.com.au/category/kids-&-baby/baby/baby-safety/251125#.plp-wrapper,Outlet Plug Covers - Pack of 24,https://www.kmart.com.au/product/outlet-plug-covers---pack-of-24/612323,https://www.kmart.com.au/wcsstore/Kmart/images/ncatalog/sz/5/41994795-1-sz.jpg,4.00,-,4.5 ,4 ,;,
54c6e030-e460-483d-b64d-d4dc1cb1145d,Kids & Baby,https://www.kmart.com.au/category/kids-&-baby/baby/baby-safety/251125#.plp-wrapper,Baby Safety,https://www.kmart.com.au/category/kids-&-baby/baby/baby-safety/251125#.plp-wrapper,2 Set Multi Purpose Latch,https://www.kmart.com.au/product/2-set-multi-purpose-latch/602333,https://www.kmart.com.au/wcsstore/Kmart/images/ncatalog/sz/2/41994702-1-sz.jpg,9.00,-,3.5 ,2 ,;,
f4de9e2b-9b00-49c5-83cc-fea6ced9060b,Kids & Baby,https://www.kmart.com.au/category/kids-&-baby/baby/baby-safety/251125#.plp-wrapper,Baby Safety,https://www.kmart.com.au/category/kids-&-baby/baby/baby-safety/251125#.plp-wrapper,2 Pack Custom Fit All Purpose Straps,https://www.kmart.com.au/product/2-pack-custom-fit-all-purpose-straps/602335,https://www.kmart.com.au/wcsstore/Kmart/images/ncatalog/sz/9/41994719-1-sz.jpg,9.00,-,4.8 ,4 ,;,
e7b64d0b-1d3b-4d7c-9729-796fca46b071,Kids & Baby,https://www.kmart.com.au/category/kids-&-baby/baby/baby-safety/251125#.plp-wrapper,Baby Safety,https://www.kmart.com.au/category/kids-&-baby/baby/baby-safety/251125#.plp-wrapper,Safety 1st Cabinet Slide Lock,https://www.kmart.com.au/product/safety-1st-cabinet-slide-lock/602337,https://www.kmart.com.au/wcsstore/Kmart/images/ncatalog/sz/0/41994740-1-sz.jpg,3.00,-,5.0 ,4 ,;,
133cdab6-fe99-4f67-946e-e8b796aa89da,Kids & Baby,https://www.kmart.com.au/category/kids-&-baby/baby/baby-safety/251125#.plp-wrapper,Baby Safety,https://www.kmart.com.au/category/kids-&-baby/baby/baby-safety/251125#.plp-wrapper,Bright Starts See & Play Mirror,https://www.kmart.com.au/product/bright-starts-see--play-mirror/602343,https://www.kmart.com.au/wcsstore/Kmart/images/ncatalog/sz/3/42004233-1-sz.jpg,17.00,-,4.1 ,16 ,;,
1ab88499-bca8-44bc-9c63-0aae2703f697,Kids & Baby,https://www.kmart.com.au/category/kids-&-baby/baby/baby-safety/251125#.plp-wrapper,Baby Safety,https://www.kmart.com.au/category/kids-&-baby/baby/baby-safety/251125#.plp-wrapper,Safety 1st Complete Healthcare Kit,https://www.kmart.com.au/product/safety-1st-complete-healthcare-kit/124859,https://www.kmart.com.au/wcsstore/Kmart/images/ncatalog/sz/0/41603130-1-sz.jpg,20.00,-,5.0 ,10 ,;,
