0212e1ea-1bcb-45ee-abac-d5685a394d64,Men,https://www.kmart.com.au/category/men/mens-clothing/mens-jackets-&-coats/446010#.plp-wrapper,Mens Jackets & Coats,https://www.kmart.com.au/category/men/mens-clothing/mens-jackets-&-coats/446010#.plp-wrapper,Lightweight Hooded jacket,https://www.kmart.com.au/product/lightweight-hooded-jacket/2958802,https://www.kmart.com.au/wcsstore/Kmart/images/ncatalog/sz/7/69893667-1-sz.jpg,20.00,-,Not Rated,0,;,
e514552c-03e6-4970-910f-31b8c6373150,Men,https://www.kmart.com.au/category/men/mens-clothing/mens-jackets-&-coats/446010#.plp-wrapper,Mens Jackets & Coats,https://www.kmart.com.au/category/men/mens-clothing/mens-jackets-&-coats/446010#.plp-wrapper,Blazer Jacket,https://www.kmart.com.au/product/blazer-jacket/3152330,https://www.kmart.com.au/wcsstore/Kmart/images/ncatalog/sz/6/70140736-1-sz.jpg,45.00,-,Not Rated,0,;,
002344e4-35d3-4005-8664-95a74a834eef,Men,https://www.kmart.com.au/category/men/mens-clothing/mens-jackets-&-coats/446010#.plp-wrapper,Mens Jackets & Coats,https://www.kmart.com.au/category/men/mens-clothing/mens-jackets-&-coats/446010#.plp-wrapper,Active Mens Running Jacket,https://www.kmart.com.au/product/active-mens-running-jacket/3090812,https://www.kmart.com.au/wcsstore/Kmart/images/ncatalog/sz/5/70040005-1-sz.jpg,29.00,-,Not Rated,0,;,
dda7a459-ee97-4e73-99e7-70f0eba703bb,Men,https://www.kmart.com.au/category/men/mens-clothing/mens-jackets-&-coats/446010#.plp-wrapper,Mens Jackets & Coats,https://www.kmart.com.au/category/men/mens-clothing/mens-jackets-&-coats/446010#.plp-wrapper,Furline Parker Jacket,https://www.kmart.com.au/product/furline-parker-jacket/2980811,https://www.kmart.com.au/wcsstore/Kmart/images/ncatalog/sz/4/69954764-1-sz.jpg,30.00											WAS 49,30.00											,Not Rated,0,;,
25059ff1-f17c-410f-a3e3-096d541468a6,Men,https://www.kmart.com.au/category/men/mens-clothing/mens-jackets-&-coats/446010#.plp-wrapper,Mens Jackets & Coats,https://www.kmart.com.au/category/men/mens-clothing/mens-jackets-&-coats/446010#.plp-wrapper,Quilted Puffer Jacket,https://www.kmart.com.au/product/quilted-puffer-jacket/2955822,https://www.kmart.com.au/wcsstore/Kmart/images/ncatalog/sz/8/69894398-1-sz.jpg,20.00 - 30.00,-,Not Rated,0,;,
d79b4667-1813-40ee-9b27-10c8e0fcf1d4,Men,https://www.kmart.com.au/category/men/mens-clothing/mens-jackets-&-coats/446010#.plp-wrapper,Mens Jackets & Coats,https://www.kmart.com.au/category/men/mens-clothing/mens-jackets-&-coats/446010#.plp-wrapper,Hooded Parker Jacket,https://www.kmart.com.au/product/hooded-parker-jacket/2980821,https://www.kmart.com.au/wcsstore/Kmart/images/ncatalog/sz/1/69978791-1-sz.jpg,25.00,-,Not Rated,0,;,
13dd0f00-71a3-4b5c-bcd8-fd149e3d3413,Men,https://www.kmart.com.au/category/men/mens-clothing/mens-jackets-&-coats/446010#.plp-wrapper,Mens Jackets & Coats,https://www.kmart.com.au/category/men/mens-clothing/mens-jackets-&-coats/446010#.plp-wrapper,Sherpa Jacket,https://www.kmart.com.au/product/sherpa-jacket/2997822,https://www.kmart.com.au/wcsstore/Kmart/images/ncatalog/sz/7/69962707-1-sz.jpg,49.00,-,Not Rated,0,;,
83ea6f0b-fa27-46d8-84d1-d0d53591671f,Men,https://www.kmart.com.au/category/men/mens-clothing/mens-jackets-&-coats/446010#.plp-wrapper,Mens Jackets & Coats,https://www.kmart.com.au/category/men/mens-clothing/mens-jackets-&-coats/446010#.plp-wrapper,Melton Trench Jacket,https://www.kmart.com.au/product/melton-trench-jacket/3001310,https://www.kmart.com.au/wcsstore/Kmart/images/ncatalog/sz/0/69979200-1-sz.jpg,30.00											WAS 49,30.00											,Not Rated,0,;,
ab7ccf38-6946-4985-9a87-381b3e4ac1ea,Men,https://www.kmart.com.au/category/men/mens-clothing/mens-jackets-&-coats/446010#.plp-wrapper,Mens Jackets & Coats,https://www.kmart.com.au/category/men/mens-clothing/mens-jackets-&-coats/446010#.plp-wrapper,Active Mens Waterproof Jacket,https://www.kmart.com.au/product/active-mens-waterproof-jacket/3034817,https://www.kmart.com.au/wcsstore/Kmart/images/ncatalog/sz/8/69918308-1-sz.jpg,45.00,-,Not Rated,0,;,
32a72b24-d799-4421-955b-ed173d73c162,Men,https://www.kmart.com.au/category/men/mens-clothing/mens-jackets-&-coats/446010#.plp-wrapper,Mens Jackets & Coats,https://www.kmart.com.au/category/men/mens-clothing/mens-jackets-&-coats/446010#.plp-wrapper,Peacoat Jacket,https://www.kmart.com.au/product/peacoat-jacket/3011302,https://www.kmart.com.au/wcsstore/Kmart/images/ncatalog/sz/2/70006582-1-sz.jpg,30.00											WAS 49,30.00											,Not Rated,0,;,
a49a60f6-b068-4dd0-b606-6377699b988a,Men,https://www.kmart.com.au/category/men/mens-clothing/mens-jackets-&-coats/446010#.plp-wrapper,Mens Jackets & Coats,https://www.kmart.com.au/category/men/mens-clothing/mens-jackets-&-coats/446010#.plp-wrapper,Active Outerwear Parka Jacket,https://www.kmart.com.au/product/active-outerwear-parka-jacket/2980802,https://www.kmart.com.au/wcsstore/Kmart/images/ncatalog/sz/6/69799136-1-sz.jpg,45.00,-,Not Rated,0,;,
d2deaf56-bb5b-40f6-86fc-340a609cb086,Men,https://www.kmart.com.au/category/men/mens-clothing/mens-jackets-&-coats/446010#.plp-wrapper,Mens Jackets & Coats,https://www.kmart.com.au/category/men/mens-clothing/mens-jackets-&-coats/446010#.plp-wrapper,Hooded Puffer Jacket,https://www.kmart.com.au/product/hooded-puffer-jacket/2980810,https://www.kmart.com.au/wcsstore/Kmart/images/ncatalog/sz/9/69954849-1-sz.jpg,40.00,-,Not Rated,0,;,
32b564b0-7ed7-4f3f-9f38-79364f8045c5,Men,https://www.kmart.com.au/category/men/mens-clothing/mens-jackets-&-coats/446010#.plp-wrapper,Mens Jackets & Coats,https://www.kmart.com.au/category/men/mens-clothing/mens-jackets-&-coats/446010#.plp-wrapper,Active NBL Zip Jacket,https://www.kmart.com.au/product/active-nbl-zip-jacket/2982812,https://www.kmart.com.au/wcsstore/Kmart/images/ncatalog/sz/7/69909337-1-sz.jpg,29.00,-,Not Rated,0,;,
f45f1c39-9e9f-4db0-b5cc-b04f405b497d,Men,https://www.kmart.com.au/category/men/mens-clothing/mens-jackets-&-coats/446010#.plp-wrapper,Mens Jackets & Coats,https://www.kmart.com.au/category/men/mens-clothing/mens-jackets-&-coats/446010#.plp-wrapper,Basic Popover Hoodie,https://www.kmart.com.au/product/basic-popover-hoodie/2901838,https://www.kmart.com.au/wcsstore/Kmart/images/ncatalog/sz/8/69895678-1-sz.jpg,12.00,-,Not Rated,0,;,
5890f6a3-6902-426e-b433-4b59f89397eb,Men,https://www.kmart.com.au/category/men/mens-clothing/mens-jackets-&-coats/446010#.plp-wrapper,Mens Jackets & Coats,https://www.kmart.com.au/category/men/mens-clothing/mens-jackets-&-coats/446010#.plp-wrapper,Lightweight Puffer Jacket,https://www.kmart.com.au/product/lightweight-puffer-jacket/2924839,https://www.kmart.com.au/wcsstore/Kmart/images/ncatalog/sz/4/69893384-1-sz.jpg,20.00,-,Not Rated,0,;,
c403ceca-05a9-4149-9c20-2a2d9cb3459c,Men,https://www.kmart.com.au/category/men/mens-clothing/mens-jackets-&-coats/446010#.plp-wrapper,Mens Jackets & Coats,https://www.kmart.com.au/category/men/mens-clothing/mens-jackets-&-coats/446010#.plp-wrapper,Active 3 in 1 Jacket,https://www.kmart.com.au/product/active-3-in-1-jacket/2972823,https://www.kmart.com.au/wcsstore/Kmart/images/ncatalog/sz/7/69978487-1-sz.jpg,59.00,-,Not Rated,0,;,
3fe7089b-f96d-4c97-a44e-8f89931c941b,Men,https://www.kmart.com.au/category/men/mens-clothing/mens-jackets-&-coats/446010#.plp-wrapper,Mens Jackets & Coats,https://www.kmart.com.au/category/men/mens-clothing/mens-jackets-&-coats/446010#.plp-wrapper,Field Jacket,https://www.kmart.com.au/product/field-jacket/2972814,https://www.kmart.com.au/wcsstore/Kmart/images/ncatalog/sz/2/69894312-1-sz.jpg,25.00											WAS 40,25.00											,Not Rated,0,;,
ca28752c-91e2-4338-baf8-3bdb769ffc1b,Men,https://www.kmart.com.au/category/men/mens-clothing/mens-jackets-&-coats/446010#.plp-wrapper,Mens Jackets & Coats,https://www.kmart.com.au/category/men/mens-clothing/mens-jackets-&-coats/446010#.plp-wrapper,Hooded Bomber Jacket,https://www.kmart.com.au/product/hooded-bomber-jacket/2982823,https://www.kmart.com.au/wcsstore/Kmart/images/ncatalog/sz/3/69893513-1-sz.jpg,40.00,-,Not Rated,0,;,
e89168a2-fa9f-4461-accd-ee45f1edf854,Men,https://www.kmart.com.au/category/men/mens-clothing/mens-jackets-&-coats/446010#.plp-wrapper,Mens Jackets & Coats,https://www.kmart.com.au/category/men/mens-clothing/mens-jackets-&-coats/446010#.plp-wrapper,Everlast Mens Active Shell Jacket,https://www.kmart.com.au/product/everlast-mens-active-shell-jacket/2919839,https://www.kmart.com.au/wcsstore/Kmart/images/ncatalog/sz/2/69828102-1-sz.jpg,29.00,-,Not Rated,0,;,
cd4982bd-7f17-4a9c-93a0-14484b8b0631,Men,https://www.kmart.com.au/category/men/mens-clothing/mens-jackets-&-coats/446010#.plp-wrapper,Mens Jackets & Coats,https://www.kmart.com.au/category/men/mens-clothing/mens-jackets-&-coats/446010#.plp-wrapper,Active Outer Puffer Vest,https://www.kmart.com.au/product/active-outer-puffer-vest/2966805,https://www.kmart.com.au/wcsstore/Kmart/images/ncatalog/sz/4/69599224-1-sz.jpg,29.00,-,Not Rated,0,;,
388878d9-9beb-45a4-8d68-0f23b61a30f3,Men,https://www.kmart.com.au/category/men/mens-clothing/mens-jackets-&-coats/446010#.plp-wrapper,Mens Jackets & Coats,https://www.kmart.com.au/category/men/mens-clothing/mens-jackets-&-coats/446010#.plp-wrapper,Active Interlock Jacket,https://www.kmart.com.au/product/active-interlock-jacket/2930835,https://www.kmart.com.au/wcsstore/Kmart/images/ncatalog/sz/7/69909467-1-sz.jpg,25.00,-,Not Rated,0,;,
b65fe660-b0ba-45be-b60d-f946e0e461e0,Men,https://www.kmart.com.au/category/men/mens-clothing/mens-jackets-&-coats/446010#.plp-wrapper,Mens Jackets & Coats,https://www.kmart.com.au/category/men/mens-clothing/mens-jackets-&-coats/446010#.plp-wrapper,Everlast Mens Active Zip Thru Hoodie,https://www.kmart.com.au/product/everlast-mens-active-zip-thru-hoodie/2912388,https://www.kmart.com.au/wcsstore/Kmart/images/ncatalog/sz/7/69828867-1-sz.jpg,29.00,-,Not Rated,0,;,
a67d2ce5-019f-4c61-adfa-f4dab2f3cfab,Men,https://www.kmart.com.au/category/men/mens-clothing/mens-jackets-&-coats/446010#.plp-wrapper,Mens Jackets & Coats,https://www.kmart.com.au/category/men/mens-clothing/mens-jackets-&-coats/446010#.plp-wrapper,Workwear Padded Industrial Jacket,https://www.kmart.com.au/product/workwear-padded-industrial-jacket/2922306,https://www.kmart.com.au/wcsstore/Kmart/images/ncatalog/sz/9/69928659-1-sz.jpg,25.00,-,Not Rated,0,;,
e12d86e4-49e8-4a6d-b862-bf8e22450e01,Men,https://www.kmart.com.au/category/men/mens-clothing/mens-jackets-&-coats/446010#.plp-wrapper,Mens Jackets & Coats,https://www.kmart.com.au/category/men/mens-clothing/mens-jackets-&-coats/446010#.plp-wrapper,Active Outer Puffer Jacket,https://www.kmart.com.au/product/active-outer-puffer-jacket/2966802,https://www.kmart.com.au/wcsstore/Kmart/images/ncatalog/sz/9/69599279-1-sz.jpg,35.00,-,Not Rated,0,;,
a5d71f78-0cca-4d9c-9cb3-2501f233a714,Men,https://www.kmart.com.au/category/men/mens-clothing/mens-jackets-&-coats/446010#.plp-wrapper,Mens Jackets & Coats,https://www.kmart.com.au/category/men/mens-clothing/mens-jackets-&-coats/446010#.plp-wrapper,Active Outer Micro Fleece Jacket,https://www.kmart.com.au/product/active-outer-micro-fleece-jacket/2966806,https://www.kmart.com.au/wcsstore/Kmart/images/ncatalog/sz/1/69688621-1-sz.jpg,20.00,-,Not Rated,0,;,
82de48a8-0108-4ba1-b1ac-53cdf4e3db37,Men,https://www.kmart.com.au/category/men/mens-clothing/mens-jackets-&-coats/446010#.plp-wrapper,Mens Jackets & Coats,https://www.kmart.com.au/category/men/mens-clothing/mens-jackets-&-coats/446010#.plp-wrapper,Active Out Bonded Shell Jacket,https://www.kmart.com.au/product/active-out-bonded-shell-jacket/2972810,https://www.kmart.com.au/wcsstore/Kmart/images/ncatalog/sz/0/69598630-1-sz.jpg,29.00,-,Not Rated,0,;,
483a7898-7a62-4d08-b768-0e64eecaffc9,Men,https://www.kmart.com.au/category/men/mens-clothing/mens-jackets-&-coats/446010#.plp-wrapper,Mens Jackets & Coats,https://www.kmart.com.au/category/men/mens-clothing/mens-jackets-&-coats/446010#.plp-wrapper,Lightweight Puffer Vest,https://www.kmart.com.au/product/lightweight-puffer-vest/2930831,https://www.kmart.com.au/wcsstore/Kmart/images/ncatalog/sz/8/69911668-1-sz.jpg,12.00,-,Not Rated,0,;Out of stock online,
ffb4e28b-cec8-4398-8113-db853495be4e,Men,https://www.kmart.com.au/category/men/mens-clothing/mens-jackets-&-coats/446010#.plp-wrapper,Mens Jackets & Coats,https://www.kmart.com.au/category/men/mens-clothing/mens-jackets-&-coats/446010#.plp-wrapper,Active Woven Jacket,https://www.kmart.com.au/product/active-woven-jacket/2944304,https://www.kmart.com.au/wcsstore/Kmart/images/ncatalog/sz/9/69607219-1-sz.jpg,35.00,-,Not Rated,0,;,
4216c8f7-d233-484a-9e1a-ab1ad3dbe70a,Men,https://www.kmart.com.au/category/men/mens-clothing/mens-jackets-&-coats/446010#.plp-wrapper,Mens Jackets & Coats,https://www.kmart.com.au/category/men/mens-clothing/mens-jackets-&-coats/446010#.plp-wrapper,Active Quilted Knit Jacket,https://www.kmart.com.au/product/active-quilted-knit-jacket/2940323,https://www.kmart.com.au/wcsstore/Kmart/images/ncatalog/sz/7/69843167-1-sz.jpg,25.00,-,Not Rated,0,;,
46e2661b-724f-4db3-a63c-c114b9c8dd63,Men,https://www.kmart.com.au/category/men/mens-clothing/mens-jackets-&-coats/446010#.plp-wrapper,Mens Jackets & Coats,https://www.kmart.com.au/category/men/mens-clothing/mens-jackets-&-coats/446010#.plp-wrapper,Coated Jacket,https://www.kmart.com.au/product/coated-jacket/2884922,https://www.kmart.com.au/wcsstore/Kmart/images/ncatalog/sz/0/69704710-1-sz.jpg,20.00,-,Not Rated,0,;,
575f2e8c-ad4e-4172-8ce6-032904cae35f,Men,https://www.kmart.com.au/category/men/mens-clothing/mens-jackets-&-coats/446010#.plp-wrapper,Mens Jackets & Coats,https://www.kmart.com.au/category/men/mens-clothing/mens-jackets-&-coats/446010#.plp-wrapper,Quilted Puffer Vest,https://www.kmart.com.au/product/quilted-puffer-vest/2901837,https://www.kmart.com.au/wcsstore/Kmart/images/ncatalog/sz/3/69894473-1-sz.jpg,20.00,-,Not Rated,0,;,
56ff3ebf-7f95-4fe5-9ff8-c3e18d739998,Men,https://www.kmart.com.au/category/men/mens-clothing/mens-jackets-&-coats/446010#.plp-wrapper,Mens Jackets & Coats,https://www.kmart.com.au/category/men/mens-clothing/mens-jackets-&-coats/446010#.plp-wrapper,Shell Jacket,https://www.kmart.com.au/product/shell-jacket/2884884,https://www.kmart.com.au/wcsstore/Kmart/images/ncatalog/sz/4/69705304-1-sz.jpg,15.00,-,Not Rated,0,;,
