c65134e6-7531-49bf-925e-abaf5e259209,Men,https://www.kmart.com.au/category/men/mens-clothing/mens-workwear/412053#.plp-wrapper,Mens Workwear,https://www.kmart.com.au/category/men/mens-clothing/mens-workwear/412053#.plp-wrapper,Wildcat Lace Up Work Boots,https://www.kmart.com.au/product/wildcat-lace-up-work-boots/1638311,https://www.kmart.com.au/wcsstore/Kmart/images/ncatalog/sz/2/67313082-1-sz.jpg,79.00,-,4.9 ,14 ,;,
3cf6231c-ceac-46c7-bb33-7199b924400a,Men,https://www.kmart.com.au/category/men/mens-clothing/mens-workwear/412053#.plp-wrapper,Mens Workwear,https://www.kmart.com.au/category/men/mens-clothing/mens-workwear/412053#.plp-wrapper,Raider Lace Up Work Boots,https://www.kmart.com.au/product/raider-lace-up-work-boots/1894815,https://www.kmart.com.au/wcsstore/Kmart/images/ncatalog/sz/6/67352876-1-sz.jpg,59.00,-,4.6 ,5 ,;,
8077027d-0396-413f-87b9-84fe4af0d2e2,Men,https://www.kmart.com.au/category/men/mens-clothing/mens-workwear/412053#.plp-wrapper,Mens Workwear,https://www.kmart.com.au/category/men/mens-clothing/mens-workwear/412053#.plp-wrapper,Slip On Work Boots,https://www.kmart.com.au/product/slip-on-work-boots/1930366,https://www.kmart.com.au/wcsstore/Kmart/images/ncatalog/sz/5/68136635-1-sz.jpg,34.00,-,4.8 ,23 ,;,
a301b2f5-7e2b-457e-8c51-6fd3b3db5eac,Men,https://www.kmart.com.au/category/men/mens-clothing/mens-workwear/412053#.plp-wrapper,Mens Workwear,https://www.kmart.com.au/category/men/mens-clothing/mens-workwear/412053#.plp-wrapper,Padded Collar Work Boots,https://www.kmart.com.au/product/padded-collar-work-boots/1938816,https://www.kmart.com.au/wcsstore/Kmart/images/ncatalog/sz/0/68243630-1-sz.jpg,39.00,-,4.5 ,10 ,;,
630e3462-9246-41a5-87cb-2e38011ad1eb,Men,https://www.kmart.com.au/category/men/mens-clothing/mens-workwear/412053#.plp-wrapper,Mens Workwear,https://www.kmart.com.au/category/men/mens-clothing/mens-workwear/412053#.plp-wrapper,Lace Up Workboots,https://www.kmart.com.au/product/lace-up-workboots/2431811,https://www.kmart.com.au/wcsstore/Kmart/images/ncatalog/sz/0/68935870-1-sz.jpg,59.00,-,4.5 ,8 ,;,
a42ab8ba-ba63-4d9a-b4df-1cec836f7e99,Men,https://www.kmart.com.au/category/men/mens-clothing/mens-workwear/412053#.plp-wrapper,Mens Workwear,https://www.kmart.com.au/category/men/mens-clothing/mens-workwear/412053#.plp-wrapper,Jackaroo Viking Lace Up Work Boots,https://www.kmart.com.au/product/jackaroo-viking-lace-up-work-boots/3165338,https://www.kmart.com.au/wcsstore/Kmart/images/ncatalog/sz/2/69920592-1-sz.jpg,69.00,-,Not Rated,0,;,
3f613b65-e462-412d-bd39-9ded1193266f,Men,https://www.kmart.com.au/category/men/mens-clothing/mens-workwear/412053#.plp-wrapper,Mens Workwear,https://www.kmart.com.au/category/men/mens-clothing/mens-workwear/412053#.plp-wrapper,Workwear Puffer Jacket,https://www.kmart.com.au/product/workwear-puffer-jacket/2997827,https://www.kmart.com.au/wcsstore/Kmart/images/ncatalog/sz/8/69983818-1-sz.jpg,30.00,-,Not Rated,0,;,
53f5091a-1dd3-4527-8d8b-0c41dc47c146,Men,https://www.kmart.com.au/category/men/mens-clothing/mens-workwear/412053#.plp-wrapper,Mens Workwear,https://www.kmart.com.au/category/men/mens-clothing/mens-workwear/412053#.plp-wrapper,Workwear Fluorescent Zip Through Polar Fleece Top,https://www.kmart.com.au/product/workwear-fluorescent-zip-through-polar-fleece-top/2980825,https://www.kmart.com.au/wcsstore/Kmart/images/ncatalog/sz/2/69955082-1-sz.jpg,20.00,-,Not Rated,0,;,
97dfbd5b-df7b-44bb-a4b0-d75c63d7481f,Men,https://www.kmart.com.au/category/men/mens-clothing/mens-workwear/412053#.plp-wrapper,Mens Workwear,https://www.kmart.com.au/category/men/mens-clothing/mens-workwear/412053#.plp-wrapper,Workwear Reflective Pants,https://www.kmart.com.au/product/workwear-reflective-pants/1548882,https://www.kmart.com.au/wcsstore/Kmart/images/ncatalog/sz/5/67570515-1-sz.jpg,25.00,-,4.8 ,24 ,;,
bf367fdc-857b-4267-ae6f-5c5f0cba7e09,Men,https://www.kmart.com.au/category/men/mens-clothing/mens-workwear/412053#.plp-wrapper,Mens Workwear,https://www.kmart.com.au/category/men/mens-clothing/mens-workwear/412053#.plp-wrapper,Workwear Performance Pants,https://www.kmart.com.au/product/workwear-performance-pants/2393340,https://www.kmart.com.au/wcsstore/Kmart/images/ncatalog/sz/6/68971656-1-sz.jpg,30.00,-,4.3 ,3 ,;,
71f8a4b5-4380-4a10-9168-3786cf411663,Men,https://www.kmart.com.au/category/men/mens-clothing/mens-workwear/412053#.plp-wrapper,Mens Workwear,https://www.kmart.com.au/category/men/mens-clothing/mens-workwear/412053#.plp-wrapper,Workwear Short Sleeve Fluorescent Shirt,https://www.kmart.com.au/product/workwear-short-sleeve-fluorescent-shirt/2879301,https://www.kmart.com.au/wcsstore/Kmart/images/ncatalog/sz/3/67990603-1-sz.jpg,20.00,-,4.0 ,1 ,;,
b3302c7f-4067-4c41-8665-a5cd95dfa4ac,Men,https://www.kmart.com.au/category/men/mens-clothing/mens-workwear/412053#.plp-wrapper,Mens Workwear,https://www.kmart.com.au/category/men/mens-clothing/mens-workwear/412053#.plp-wrapper,Workwear Industrial Puffer Vest,https://www.kmart.com.au/product/workwear-industrial-puffer-vest/2997826,https://www.kmart.com.au/wcsstore/Kmart/images/ncatalog/sz/9/69959929-1-sz.jpg,20.00,-,Not Rated,0,;,
4436fd17-7f7e-4e9c-9838-00c79582e45d,Men,https://www.kmart.com.au/category/men/mens-clothing/mens-workwear/412053#.plp-wrapper,Mens Workwear,https://www.kmart.com.au/category/men/mens-clothing/mens-workwear/412053#.plp-wrapper,Workwear Fluorescent Zip Through Hoodie,https://www.kmart.com.au/product/workwear-fluorescent-zip-through-hoodie/2980824,https://www.kmart.com.au/wcsstore/Kmart/images/ncatalog/sz/4/69954924-1-sz.jpg,25.00,-,Not Rated,0,;,
df112441-e082-4d2b-ae34-e54e8c4609dd,Men,https://www.kmart.com.au/category/men/mens-clothing/mens-workwear/412053#.plp-wrapper,Mens Workwear,https://www.kmart.com.au/category/men/mens-clothing/mens-workwear/412053#.plp-wrapper,Workwear Industrial Bomber Jacket,https://www.kmart.com.au/product/workwear-industrial-bomber-jacket/2961818,https://www.kmart.com.au/wcsstore/Kmart/images/ncatalog/sz/7/69960277-1-sz.jpg,25.00,-,Not Rated,0,;,
1bb384ad-c200-43c0-9175-586e9ca0213f,Men,https://www.kmart.com.au/category/men/mens-clothing/mens-workwear/412053#.plp-wrapper,Mens Workwear,https://www.kmart.com.au/category/men/mens-clothing/mens-workwear/412053#.plp-wrapper,Workwear Softshell High Visibility Jacket,https://www.kmart.com.au/product/workwear-softshell-high-visibility-jacket/2984312,https://www.kmart.com.au/wcsstore/Kmart/images/ncatalog/sz/9/69959769-1-sz.jpg,30.00,-,Not Rated,0,;,
dedd3446-4405-4a2e-bf3f-13be3859e223,Men,https://www.kmart.com.au/category/men/mens-clothing/mens-workwear/412053#.plp-wrapper,Mens Workwear,https://www.kmart.com.au/category/men/mens-clothing/mens-workwear/412053#.plp-wrapper,Workwear Tee,https://www.kmart.com.au/product/workwear-tee/2937836,https://www.kmart.com.au/wcsstore/Kmart/images/ncatalog/sz/0/70040340-1-sz.jpg,15.00,-,Not Rated,0,;,
18e5917f-bdce-4152-bc3e-1a87dffba4c8,Men,https://www.kmart.com.au/category/men/mens-clothing/mens-workwear/412053#.plp-wrapper,Mens Workwear,https://www.kmart.com.au/category/men/mens-clothing/mens-workwear/412053#.plp-wrapper,Workwear Industrial Trackpants,https://www.kmart.com.au/product/workwear-industrial-trackpants/2961816,https://www.kmart.com.au/wcsstore/Kmart/images/ncatalog/sz/7/69957147-1-sz.jpg,20.00,-,5.0 ,1 ,;,
ea9055c5-f03a-4a04-9bd8-f008e1bb0d6c,Men,https://www.kmart.com.au/category/men/mens-clothing/mens-workwear/412053#.plp-wrapper,Mens Workwear,https://www.kmart.com.au/category/men/mens-clothing/mens-workwear/412053#.plp-wrapper,Workwear Fluorescent Pullover Hoodie,https://www.kmart.com.au/product/workwear-fluorescent-pullover-hoodie/2914832,https://www.kmart.com.au/wcsstore/Kmart/images/ncatalog/sz/5/69890505-1-sz.jpg,25.00,-,5.0 ,2 ,;,
27dd0b33-e087-4384-ae81-d4fef5554c23,Men,https://www.kmart.com.au/category/men/mens-clothing/mens-workwear/412053#.plp-wrapper,Mens Workwear,https://www.kmart.com.au/category/men/mens-clothing/mens-workwear/412053#.plp-wrapper,High Visibility Heavy Duty Vest,https://www.kmart.com.au/product/high-visibility-heavy-duty-vest/2961817,https://www.kmart.com.au/wcsstore/Kmart/images/ncatalog/sz/6/69960116-1-sz.jpg,30.00,-,Not Rated,0,;,
36b6df1d-e1b6-41df-91ab-f8b1c3f3ec7c,Men,https://www.kmart.com.au/category/men/mens-clothing/mens-workwear/412053#.plp-wrapper,Mens Workwear,https://www.kmart.com.au/category/men/mens-clothing/mens-workwear/412053#.plp-wrapper,Workwear Fluorescent Rain Jacket,https://www.kmart.com.au/product/workwear-fluorescent-rain-jacket/2922307,https://www.kmart.com.au/wcsstore/Kmart/images/ncatalog/sz/9/69928819-1-sz.jpg,15.00,-,5.0 ,2 ,;,
d5b3d799-c431-48c6-9022-2102868d70aa,Men,https://www.kmart.com.au/category/men/mens-clothing/mens-workwear/412053#.plp-wrapper,Mens Workwear,https://www.kmart.com.au/category/men/mens-clothing/mens-workwear/412053#.plp-wrapper,Workwear Long Sleeve Hooded Flannel Shirt,https://www.kmart.com.au/product/workwear-long-sleeve-hooded-flannel-shirt/2919840,https://www.kmart.com.au/wcsstore/Kmart/images/ncatalog/sz/4/69934124-1-sz.jpg,16.00,-,Not Rated,0,;,
5e868d87-d142-4eb3-8b44-aad76615aeb0,Men,https://www.kmart.com.au/category/men/mens-clothing/mens-workwear/412053#.plp-wrapper,Mens Workwear,https://www.kmart.com.au/category/men/mens-clothing/mens-workwear/412053#.plp-wrapper,Workwear Stretch Business Shirt,https://www.kmart.com.au/product/workwear-stretch-business-shirt/2901845,https://www.kmart.com.au/wcsstore/Kmart/images/ncatalog/sz/2/69920912-1-sz.jpg,12.00 - 20.00,-,Not Rated,0,;,
1fb2b018-c931-47e0-bccc-8eba9e370d8f,Men,https://www.kmart.com.au/category/men/mens-clothing/mens-workwear/412053#.plp-wrapper,Mens Workwear,https://www.kmart.com.au/category/men/mens-clothing/mens-workwear/412053#.plp-wrapper,Lace Up Victoria Work Boots,https://www.kmart.com.au/product/lace-up-victoria-work-boots/2927801,https://www.kmart.com.au/wcsstore/Kmart/images/ncatalog/sz/1/69720901-1-sz.jpg,79.00,-,Not Rated,0,;,
96492c2e-7093-4b6c-b106-470305cd9321,Men,https://www.kmart.com.au/category/men/mens-clothing/mens-workwear/412053#.plp-wrapper,Mens Workwear,https://www.kmart.com.au/category/men/mens-clothing/mens-workwear/412053#.plp-wrapper,Workwear Industrial Aviator Pants,https://www.kmart.com.au/product/workwear-industrial-aviator-pants/2901818,https://www.kmart.com.au/wcsstore/Kmart/images/ncatalog/sz/7/69888977-1-sz.jpg,40.00,-,Not Rated,0,;,
7ca8158c-8bb9-4a26-8b00-17a1b442aa45,Men,https://www.kmart.com.au/category/men/mens-clothing/mens-workwear/412053#.plp-wrapper,Mens Workwear,https://www.kmart.com.au/category/men/mens-clothing/mens-workwear/412053#.plp-wrapper,Long Sleeves Stretch Fluorescent Shirt,https://www.kmart.com.au/product/long-sleeves-stretch-fluorescent-shirt/2907827,https://www.kmart.com.au/wcsstore/Kmart/images/ncatalog/sz/5/69740855-1-sz.jpg,30.00,-,5.0 ,1 ,;,
4a9edf94-4020-46af-a299-2d9408040d4b,Men,https://www.kmart.com.au/category/men/mens-clothing/mens-workwear/412053#.plp-wrapper,Mens Workwear,https://www.kmart.com.au/category/men/mens-clothing/mens-workwear/412053#.plp-wrapper,Workwear Short Sleeve Reflective Fluorescent Polo Shirt,https://www.kmart.com.au/product/workwear-short-sleeve-reflective-fluorescent-polo-shirt/2855408,https://www.kmart.com.au/wcsstore/Kmart/images/ncatalog/sz/3/69773983-1-sz.jpg,16.00,-,Not Rated,0,;,
1ddfe8f9-e93c-4d66-b8ea-b034332ee98f,Men,https://www.kmart.com.au/category/men/mens-clothing/mens-workwear/412053#.plp-wrapper,Mens Workwear,https://www.kmart.com.au/category/men/mens-clothing/mens-workwear/412053#.plp-wrapper,Lace Up Velocity V3 Workboots,https://www.kmart.com.au/product/lace-up-velocity-v3-workboots/2924327,https://www.kmart.com.au/wcsstore/Kmart/images/ncatalog/sz/8/69720888-1-sz.jpg,99.00,-,Not Rated,0,;,
ac59bcd9-6405-4682-9afc-ba8477a7dc28,Men,https://www.kmart.com.au/category/men/mens-clothing/mens-workwear/412053#.plp-wrapper,Mens Workwear,https://www.kmart.com.au/category/men/mens-clothing/mens-workwear/412053#.plp-wrapper,Workwear Short Sleeve Reflective Fluorescent Tee,https://www.kmart.com.au/product/workwear-short-sleeve-reflective-fluorescent-tee/2855410,https://www.kmart.com.au/wcsstore/Kmart/images/ncatalog/sz/0/69774300-1-sz.jpg,12.00,-,Not Rated,0,;,
eaa7c15a-6b86-4e1f-87b3-f78caa201793,Men,https://www.kmart.com.au/category/men/mens-clothing/mens-workwear/412053#.plp-wrapper,Mens Workwear,https://www.kmart.com.au/category/men/mens-clothing/mens-workwear/412053#.plp-wrapper,Workwear Fluro Tee,https://www.kmart.com.au/product/workwear-fluro-tee/2876390,https://www.kmart.com.au/wcsstore/Kmart/images/ncatalog/sz/1/69798351-1-sz.jpg,10.00,-,Not Rated,0,;,
e734ee5a-9089-408f-9375-14695a34099c,Men,https://www.kmart.com.au/category/men/mens-clothing/mens-workwear/412053#.plp-wrapper,Mens Workwear,https://www.kmart.com.au/category/men/mens-clothing/mens-workwear/412053#.plp-wrapper,Long Sleeve Fluorescent Polo Shirt,https://www.kmart.com.au/product/long-sleeve-fluorescent-polo-shirt/2840833,https://www.kmart.com.au/wcsstore/Kmart/images/ncatalog/sz/1/69774621-1-sz.jpg,10.00,-,Not Rated,0,;,
de62f41e-2650-4ffa-a451-b034a73f2e31,Men,https://www.kmart.com.au/category/men/mens-clothing/mens-workwear/412053#.plp-wrapper,Mens Workwear,https://www.kmart.com.au/category/men/mens-clothing/mens-workwear/412053#.plp-wrapper,Workwear Long Sleeve Reflective Fluorescent Polo Shirt,https://www.kmart.com.au/product/workwear-long-sleeve-reflective-fluorescent-polo-shirt/2855409,https://www.kmart.com.au/wcsstore/Kmart/images/ncatalog/sz/0/69774140-1-sz.jpg,20.00,-,Not Rated,0,;,
ec0b2a38-430f-4e9b-aa44-74dc0c7eaa74,Men,https://www.kmart.com.au/category/men/mens-clothing/mens-workwear/412053#.plp-wrapper,Mens Workwear,https://www.kmart.com.au/category/men/mens-clothing/mens-workwear/412053#.plp-wrapper,Workwear Short Sleeve Fluorescent Polo Shirt,https://www.kmart.com.au/product/workwear-short-sleeve-fluorescent-polo-shirt/2844328,https://www.kmart.com.au/wcsstore/Kmart/images/ncatalog/sz/6/69774386-1-sz.jpg,8.00,-,4.0 ,1 ,;,
35ab389d-ec37-48cc-806d-349dd7822170,Men,https://www.kmart.com.au/category/men/mens-clothing/mens-workwear/412053#.plp-wrapper,Mens Workwear,https://www.kmart.com.au/category/men/mens-clothing/mens-workwear/412053#.plp-wrapper,Lace Up Work Boots,https://www.kmart.com.au/product/lace-up-work-boots/2423312,https://www.kmart.com.au/wcsstore/Kmart/images/ncatalog/sz/8/68935818-1-sz.jpg,69.00,-,4.5 ,2 ,;,
d582948f-eb3a-4e5c-955e-590095a99c5b,Men,https://www.kmart.com.au/category/men/mens-clothing/mens-workwear/412053#.plp-wrapper,Mens Workwear,https://www.kmart.com.au/category/men/mens-clothing/mens-workwear/412053#.plp-wrapper,Industrial Joggers,https://www.kmart.com.au/product/industrial-joggers/2094842,https://www.kmart.com.au/wcsstore/Kmart/images/ncatalog/sz/2/68611712-1-sz.jpg,30.00,-,4.8 ,89 ,;,
4c1305f7-a982-4a83-bf45-e0c93dd6d162,Men,https://www.kmart.com.au/category/men/mens-clothing/mens-workwear/412053#.plp-wrapper,Mens Workwear,https://www.kmart.com.au/category/men/mens-clothing/mens-workwear/412053#.plp-wrapper,Workwear Industrial Jogger Shorts,https://www.kmart.com.au/product/workwear-industrial-jogger-shorts/2703327,https://www.kmart.com.au/wcsstore/Kmart/images/ncatalog/sz/2/69458422-1-sz.jpg,25.00,-,5.0 ,11 ,;,
b30a274b-6af8-46e3-88f0-26fd7197edc0,Men,https://www.kmart.com.au/category/men/mens-clothing/mens-workwear/412053#.plp-wrapper,Mens Workwear,https://www.kmart.com.au/category/men/mens-clothing/mens-workwear/412053#.plp-wrapper,3 Pack Plain Workwear Trunks,https://www.kmart.com.au/product/3-pack-plain-workwear-trunks/2621305,https://www.kmart.com.au/wcsstore/Kmart/images/ncatalog/sz/5/69259265-1-sz.jpg,12.00,-,4.7 ,6 ,;,
f362c198-c9ac-49a1-b2e8-a9a82278dfa6,Men,https://www.kmart.com.au/category/men/mens-clothing/mens-workwear/412053#.plp-wrapper,Mens Workwear,https://www.kmart.com.au/category/men/mens-clothing/mens-workwear/412053#.plp-wrapper,Workwear Shorts,https://www.kmart.com.au/product/workwear-shorts/2401316,https://www.kmart.com.au/wcsstore/Kmart/images/ncatalog/sz/2/68971052-1-sz.jpg,20.00,-,4.6 ,19 ,;,
fb85cf6b-a386-42a3-915e-aebe609bbf7c,Men,https://www.kmart.com.au/category/men/mens-clothing/mens-workwear/412053#.plp-wrapper,Mens Workwear,https://www.kmart.com.au/category/men/mens-clothing/mens-workwear/412053#.plp-wrapper,Lace Up Work Boots,https://www.kmart.com.au/product/lace-up-work-boots/2431301,https://www.kmart.com.au/wcsstore/Kmart/images/ncatalog/sz/4/68934774-1-sz.jpg,59.00,-,4.9 ,10 ,;,
d6ccc5b7-47d8-4fa1-a5c3-aaf008c693fe,Men,https://www.kmart.com.au/category/men/mens-clothing/mens-workwear/412053#.plp-wrapper,Mens Workwear,https://www.kmart.com.au/category/men/mens-clothing/mens-workwear/412053#.plp-wrapper,Slip On Work Boots,https://www.kmart.com.au/product/slip-on-work-boots/2383802,https://www.kmart.com.au/wcsstore/Kmart/images/ncatalog/sz/0/68936020-1-sz.jpg,55.00,-,5.0 ,1 ,;,
65d8ed1f-137e-4152-9271-c58f54a24daf,Men,https://www.kmart.com.au/category/men/mens-clothing/mens-workwear/412053#.plp-wrapper,Mens Workwear,https://www.kmart.com.au/category/men/mens-clothing/mens-workwear/412053#.plp-wrapper,Workwear Pants,https://www.kmart.com.au/product/workwear-pants/2403309,https://www.kmart.com.au/wcsstore/Kmart/images/ncatalog/sz/8/68971588-1-sz.jpg,25.00,-,4.9 ,16 ,;,
d28de766-2ce8-4e02-a22e-378c6b3e8d18,Men,https://www.kmart.com.au/category/men/mens-clothing/mens-workwear/412053#.plp-wrapper,Mens Workwear,https://www.kmart.com.au/category/men/mens-clothing/mens-workwear/412053#.plp-wrapper,Cougar Work Boots,https://www.kmart.com.au/product/cougar-work-boots/2398804,https://www.kmart.com.au/wcsstore/Kmart/images/ncatalog/sz/8/68935948-1-sz.jpg,55.00,-,4.8 ,4 ,;,
019eb4a8-14a3-4e92-a9f8-12a22a849690,Men,https://www.kmart.com.au/category/men/mens-clothing/mens-workwear/412053#.plp-wrapper,Mens Workwear,https://www.kmart.com.au/category/men/mens-clothing/mens-workwear/412053#.plp-wrapper,Lace Up Workboots,https://www.kmart.com.au/product/lace-up-workboots/1804377,https://www.kmart.com.au/wcsstore/Kmart/images/ncatalog/sz/6/67939176-1-sz.jpg,59.00,-,4.7 ,13 ,;,
d44c183e-e266-4afd-90b4-83212b746cc8,Men,https://www.kmart.com.au/category/men/mens-clothing/mens-workwear/412053#.plp-wrapper,Mens Workwear,https://www.kmart.com.au/category/men/mens-clothing/mens-workwear/412053#.plp-wrapper,Knee Length Work Shorts,https://www.kmart.com.au/product/knee-length-work-shorts/1910027,https://www.kmart.com.au/wcsstore/Kmart/images/ncatalog/sz/9/68120559-1-sz.jpg,25.00,-,4.7 ,19 ,;,
8b44243e-6e60-422c-866c-5b5d8a22517a,Men,https://www.kmart.com.au/category/men/mens-clothing/mens-workwear/412053#.plp-wrapper,Mens Workwear,https://www.kmart.com.au/category/men/mens-clothing/mens-workwear/412053#.plp-wrapper,Workwear Slim Leg Pants,https://www.kmart.com.au/product/workwear-slim-leg-pants/1910024,https://www.kmart.com.au/wcsstore/Kmart/images/ncatalog/sz/8/68120788-1-sz.jpg,30.00,-,4.8 ,58 ,;,
9a5bb39e-b6a6-420d-8f9c-d81fc80969d1,Men,https://www.kmart.com.au/category/men/mens-clothing/mens-workwear/412053#.plp-wrapper,Mens Workwear,https://www.kmart.com.au/category/men/mens-clothing/mens-workwear/412053#.plp-wrapper,Workwear High Visibility Tee,https://www.kmart.com.au/product/workwear-high-visibility-tee/2033308,https://www.kmart.com.au/wcsstore/Kmart/images/ncatalog/sz/3/67329083-1-sz.jpg,10.00,-,Not Rated,0,;Out of stock online,
1849be48-774d-45fc-846c-a3ce87af4769,Men,https://www.kmart.com.au/category/men/mens-clothing/mens-workwear/412053#.plp-wrapper,Mens Workwear,https://www.kmart.com.au/category/men/mens-clothing/mens-workwear/412053#.plp-wrapper,Workwear Long Sleeve Reflective Shirt,https://www.kmart.com.au/product/workwear-long-sleeve-reflective-shirt/2007338,https://www.kmart.com.au/wcsstore/Kmart/images/ncatalog/sz/6/67990856-1-sz.jpg,30.00,-,4.8 ,5 ,;,
2fdf6054-991a-4b8c-87d0-5099c294b5e9,Men,https://www.kmart.com.au/category/men/mens-clothing/mens-workwear/412053#.plp-wrapper,Mens Workwear,https://www.kmart.com.au/category/men/mens-clothing/mens-workwear/412053#.plp-wrapper,Raider Lace Up Work Boots,https://www.kmart.com.au/product/raider-lace-up-work-boots/1894812,https://www.kmart.com.au/wcsstore/Kmart/images/ncatalog/sz/3/67311613-1-sz.jpg,59.00,-,Not Rated,0,;,
3c273d7a-b3fb-41ef-8a9a-3ed73894b1d7,Men,https://www.kmart.com.au/category/men/mens-clothing/mens-workwear/412053#.plp-wrapper,Mens Workwear,https://www.kmart.com.au/category/men/mens-clothing/mens-workwear/412053#.plp-wrapper,Workwear Long Sleeve Fluorescent Polo Shirt,https://www.kmart.com.au/product/workwear-long-sleeve-fluorescent-polo-shirt/1583364,https://www.kmart.com.au/wcsstore/Kmart/images/ncatalog/sz/9/67659029-1-sz.jpg,10.00,-,5.0 ,6 ,;,
342ea91e-36ff-400a-b20a-5e89e13faa18,Men,https://www.kmart.com.au/category/men/mens-clothing/mens-workwear/412053#.plp-wrapper,Mens Workwear,https://www.kmart.com.au/category/men/mens-clothing/mens-workwear/412053#.plp-wrapper,Workwear Fluro Polo Shirt,https://www.kmart.com.au/product/workwear-fluro-polo-shirt/1599845,https://www.kmart.com.au/wcsstore/Kmart/images/ncatalog/sz/9/67658909-1-sz.jpg,8.00,-,4.9 ,7 ,;,
40bf545e-4523-4d08-8618-b6406bd0ace3,Men,https://www.kmart.com.au/category/men/mens-clothing/mens-workwear/412053#.plp-wrapper,Mens Workwear,https://www.kmart.com.au/category/men/mens-clothing/mens-workwear/412053#.plp-wrapper,Workwear Sleeveless Fluorescent Reflective Vest,https://www.kmart.com.au/product/workwear-sleeveless-fluorescent-reflective-vest/809839,https://www.kmart.com.au/wcsstore/Kmart/images/ncatalog/sz/1/65463451-1-sz.jpg,9.00,-,4.8 ,4 ,;,
