b42f32d0-c6a4-4774-84f4-81659b268aea,Outdoor Play,https://www.kmart.com.au/category/sports/shop-by-category/play-equipment-and-trampolines/251146#.plp-wrapper,Play Equipment,https://www.kmart.com.au/category/sports/shop-by-category/play-equipment-and-trampolines/251146#.plp-wrapper,Country Manor Cubby House,https://www.kmart.com.au/product/country-manor-cubby-house/3125809,https://www.kmart.com.au/wcsstore/Kmart/images/ncatalog/sz/9/42912439-1-sz.jpg,149.00,-,Not Rated,0,;,
e6ef6a2f-f704-4de9-997e-5c7e1938733c,Outdoor Play,https://www.kmart.com.au/category/sports/shop-by-category/play-equipment-and-trampolines/251146#.plp-wrapper,Play Equipment,https://www.kmart.com.au/category/sports/shop-by-category/play-equipment-and-trampolines/251146#.plp-wrapper,Spiro Spin Cyclone,https://www.kmart.com.au/product/spiro-spin-cyclone/3093342,https://www.kmart.com.au/wcsstore/Kmart/images/ncatalog/sz/5/42910985-1-sz.jpg,79.00,-,5.0 ,1 ,;,
753ebe2c-1adc-475a-922f-c5e1f607be08,Outdoor Play,https://www.kmart.com.au/category/sports/shop-by-category/play-equipment-and-trampolines/251146#.plp-wrapper,Play Equipment,https://www.kmart.com.au/category/sports/shop-by-category/play-equipment-and-trampolines/251146#.plp-wrapper,10 Foot Trampoline with Enclosure,https://www.kmart.com.au/product/10-foot-trampoline-with-enclosure/3062821,https://www.kmart.com.au/wcsstore/Kmart/images/ncatalog/sz/6/42912026-1-sz.jpg,169.00,-,4.7 ,7 ,;,
709f5163-4644-42de-a77c-fe450214a37e,Outdoor Play,https://www.kmart.com.au/category/sports/shop-by-category/play-equipment-and-trampolines/251146#.plp-wrapper,Play Equipment,https://www.kmart.com.au/category/sports/shop-by-category/play-equipment-and-trampolines/251146#.plp-wrapper,14 Foot Trampoline with Enclosure,https://www.kmart.com.au/product/14-foot-trampoline-with-enclosure/3062822,https://www.kmart.com.au/wcsstore/Kmart/images/ncatalog/sz/3/42912033-1-sz.jpg,269.00,-,4.8 ,5 ,;,
431433e4-3ba7-4066-baf8-cc06a9734995,Outdoor Play,https://www.kmart.com.au/category/sports/shop-by-category/play-equipment-and-trampolines/251146#.plp-wrapper,Play Equipment,https://www.kmart.com.au/category/sports/shop-by-category/play-equipment-and-trampolines/251146#.plp-wrapper,Wooden Cubby House,https://www.kmart.com.au/product/wooden-cubby-house/3093343,https://www.kmart.com.au/wcsstore/Kmart/images/ncatalog/sz/8/42911128-1-sz.jpg,199.00,-,5.0 ,4 ,;,
f0d3d1b9-0aaa-47f6-a4cf-81c17051eabc,Outdoor Play,https://www.kmart.com.au/category/sports/shop-by-category/play-equipment-and-trampolines/251146#.plp-wrapper,Play Equipment,https://www.kmart.com.au/category/sports/shop-by-category/play-equipment-and-trampolines/251146#.plp-wrapper,Indoor Play Tent,https://www.kmart.com.au/product/indoor-play-tent/3062804,https://www.kmart.com.au/wcsstore/Kmart/images/ncatalog/sz/8/42888918-1-sz.jpg,10.00,-,4.3 ,6 ,;,
cfd66d8f-ca28-4ee1-8aed-206a29728988,Outdoor Play,https://www.kmart.com.au/category/sports/shop-by-category/play-equipment-and-trampolines/251146#.plp-wrapper,Play Equipment,https://www.kmart.com.au/category/sports/shop-by-category/play-equipment-and-trampolines/251146#.plp-wrapper,2-in-1 Play Tent,https://www.kmart.com.au/product/2-in-1-play-tent/3062803,https://www.kmart.com.au/wcsstore/Kmart/images/ncatalog/sz/1/42888901-1-sz.jpg,29.00,-,Not Rated,0,;Back online soon,
94e8ef64-f516-4992-bbde-c18e80fd058f,Outdoor Play,https://www.kmart.com.au/category/sports/shop-by-category/play-equipment-and-trampolines/251146#.plp-wrapper,Play Equipment,https://www.kmart.com.au/category/sports/shop-by-category/play-equipment-and-trampolines/251146#.plp-wrapper,Little Adventurers Climber N Slide,https://www.kmart.com.au/product/little-adventurers-climber-n-slide/2860906,https://www.kmart.com.au/wcsstore/Kmart/images/ncatalog/sz/5/42862185-1-sz.jpg,119.00,-,5.0 ,8 ,;Back online soon,
c3d9c6f8-0b61-4f13-92b7-9f59e693004e,Outdoor Play,https://www.kmart.com.au/category/sports/shop-by-category/play-equipment-and-trampolines/251146#.plp-wrapper,Play Equipment,https://www.kmart.com.au/category/sports/shop-by-category/play-equipment-and-trampolines/251146#.plp-wrapper,12 Foot Springless Trampoline,https://www.kmart.com.au/product/12-foot-springless-trampoline/2786328,https://www.kmart.com.au/wcsstore/Kmart/images/ncatalog/sz/5/42836155-1-sz.jpg,259.00,-,4.8 ,87 ,;Back online soon,
d5e6dbe9-681b-4b8e-af3d-f1a36d9563f4,Outdoor Play,https://www.kmart.com.au/category/sports/shop-by-category/play-equipment-and-trampolines/251146#.plp-wrapper,Play Equipment,https://www.kmart.com.au/category/sports/shop-by-category/play-equipment-and-trampolines/251146#.plp-wrapper,10 Foot Trampoline and Steelflex Pro Enclosure Combo Set,https://www.kmart.com.au/product/10-foot-trampoline-and-steelflex-pro-enclosure-combo-set/2754889,https://www.kmart.com.au/wcsstore/Kmart/images/ncatalog/sz/3/42847113-1-sz.jpg,169.00,-,4.8 ,78 ,;Back online soon,
ba0ce082-064f-4396-b9ad-5deec1502057,Outdoor Play,https://www.kmart.com.au/category/sports/shop-by-category/play-equipment-and-trampolines/251146#.plp-wrapper,Play Equipment,https://www.kmart.com.au/category/sports/shop-by-category/play-equipment-and-trampolines/251146#.plp-wrapper,8 Station Swing Set,https://www.kmart.com.au/product/8-station-swing-set/2595309,https://www.kmart.com.au/wcsstore/Kmart/images/ncatalog/sz/4/42753964-1-sz.jpg,199.00,-,4.8 ,167 ,;Back online soon,
114f2666-2b03-42ec-8895-2d4d812f774b,Outdoor Play,https://www.kmart.com.au/category/sports/shop-by-category/play-equipment-and-trampolines/251146#.plp-wrapper,Play Equipment,https://www.kmart.com.au/category/sports/shop-by-category/play-equipment-and-trampolines/251146#.plp-wrapper,Kid's Slide,https://www.kmart.com.au/product/kids-slide/729811,https://www.kmart.com.au/wcsstore/Kmart/images/ncatalog/sz/6/42175926-1-sz.jpg,35.00,-,4.9 ,72 ,;,
