3f1cefd6-707c-4257-bf31-569e059f6ec3,Outdoor Play,https://www.kmart.com.au/category/sports/shop-by-category/scooters-skates-&-skateboarding/252051#.plp-wrapper,Scooters Skates & Skateboarding,https://www.kmart.com.au/category/sports/shop-by-category/scooters-skates-&-skateboarding/252051#.plp-wrapper,Diamond Skateboard,https://www.kmart.com.au/product/diamond-skateboard/3168802,https://www.kmart.com.au/wcsstore/Kmart/images/ncatalog/sz/3/42901983-1-sz.jpg,29.00,-,Not Rated,0,Just Landed ; ,
25bcf8a3-38f8-45e8-a9eb-d9fe9b6b5099,Outdoor Play,https://www.kmart.com.au/category/sports/shop-by-category/scooters-skates-&-skateboarding/252051#.plp-wrapper,Scooters Skates & Skateboarding,https://www.kmart.com.au/category/sports/shop-by-category/scooters-skates-&-skateboarding/252051#.plp-wrapper,Inline Skates - Size 5 to 7,https://www.kmart.com.au/product/inline-skates---size-5-to-7/3153810,https://www.kmart.com.au/wcsstore/Kmart/images/ncatalog/sz/4/42901884-1-sz.jpg,49.00,-,Not Rated,0,Just Landed ; ,
cf0301f1-10e1-441c-8776-7bbc6bf63cfb,Outdoor Play,https://www.kmart.com.au/category/sports/shop-by-category/scooters-skates-&-skateboarding/252051#.plp-wrapper,Scooters Skates & Skateboarding,https://www.kmart.com.au/category/sports/shop-by-category/scooters-skates-&-skateboarding/252051#.plp-wrapper,X-Cruiser Commuter Scooter,https://www.kmart.com.au/product/x-cruiser-commuter-scooter/3160305,https://www.kmart.com.au/wcsstore/Kmart/images/ncatalog/sz/8/42901198-1-sz.jpg,79.00,-,Not Rated,0,Just Landed ; ,
f48aca34-ef4a-4b96-9bf6-4057a8657d5d,Outdoor Play,https://www.kmart.com.au/category/sports/shop-by-category/scooters-skates-&-skateboarding/252051#.plp-wrapper,Scooters Skates & Skateboarding,https://www.kmart.com.au/category/sports/shop-by-category/scooters-skates-&-skateboarding/252051#.plp-wrapper,Dinosaur Tri Scooter,https://www.kmart.com.au/product/dinosaur-tri-scooter/3143808,https://www.kmart.com.au/wcsstore/Kmart/images/ncatalog/sz/8/42900818-1-sz.jpg,18.00,-,Not Rated,0,Just Landed ; ,
0c787443-f4d5-40e9-b2b7-f95504d9b1b4,Outdoor Play,https://www.kmart.com.au/category/sports/shop-by-category/scooters-skates-&-skateboarding/252051#.plp-wrapper,Scooters Skates & Skateboarding,https://www.kmart.com.au/category/sports/shop-by-category/scooters-skates-&-skateboarding/252051#.plp-wrapper,Unicorn Tri Scooter,https://www.kmart.com.au/product/unicorn-tri-scooter/3146308,https://www.kmart.com.au/wcsstore/Kmart/images/ncatalog/sz/5/42900825-1-sz.jpg,18.00,-,Not Rated,0,Just Landed ; ,
b88426cd-3c60-4168-b752-db16b24c5da9,Outdoor Play,https://www.kmart.com.au/category/sports/shop-by-category/scooters-skates-&-skateboarding/252051#.plp-wrapper,Scooters Skates & Skateboarding,https://www.kmart.com.au/category/sports/shop-by-category/scooters-skates-&-skateboarding/252051#.plp-wrapper,Barbie Bicycle Helmet,https://www.kmart.com.au/product/barbie-bicycle-helmet/3062818,https://www.kmart.com.au/wcsstore/Kmart/images/ncatalog/sz/7/42906667-1-sz.jpg,25.00,-,Not Rated,0,;,
57f0e77d-5704-4ad0-80a6-7e1e3b06d36e,Outdoor Play,https://www.kmart.com.au/category/sports/shop-by-category/scooters-skates-&-skateboarding/252051#.plp-wrapper,Scooters Skates & Skateboarding,https://www.kmart.com.au/category/sports/shop-by-category/scooters-skates-&-skateboarding/252051#.plp-wrapper,Hot Wheels Monster Truck Bicycle Helmet,https://www.kmart.com.au/product/hot-wheels-monster-truck-bicycle-helmet/3062819,https://www.kmart.com.au/wcsstore/Kmart/images/ncatalog/sz/1/42906681-1-sz.jpg,25.00,-,Not Rated,0,;,
eeba02e4-ee9f-4cd4-a8f6-d4e94e4d705b,Outdoor Play,https://www.kmart.com.au/category/sports/shop-by-category/scooters-skates-&-skateboarding/252051#.plp-wrapper,Scooters Skates & Skateboarding,https://www.kmart.com.au/category/sports/shop-by-category/scooters-skates-&-skateboarding/252051#.plp-wrapper,Pirate Helmet,https://www.kmart.com.au/product/pirate-helmet/3062817,https://www.kmart.com.au/wcsstore/Kmart/images/ncatalog/sz/1/42906711-1-sz.jpg,25.00,-,Not Rated,0,;,
02af9bce-366c-4fda-a605-9be619a3e00b,Outdoor Play,https://www.kmart.com.au/category/sports/shop-by-category/scooters-skates-&-skateboarding/252051#.plp-wrapper,Scooters Skates & Skateboarding,https://www.kmart.com.au/category/sports/shop-by-category/scooters-skates-&-skateboarding/252051#.plp-wrapper,Junior Trike,https://www.kmart.com.au/product/junior-trike/3085827,https://www.kmart.com.au/wcsstore/Kmart/images/ncatalog/sz/8/42917588-1-sz.jpg,39.00,-,Not Rated,0,;Back online soon,
ef107ea3-d63e-4f18-b104-bf4b126fa626,Outdoor Play,https://www.kmart.com.au/category/sports/shop-by-category/scooters-skates-&-skateboarding/252051#.plp-wrapper,Scooters Skates & Skateboarding,https://www.kmart.com.au/category/sports/shop-by-category/scooters-skates-&-skateboarding/252051#.plp-wrapper,Noize Pro Scooter,https://www.kmart.com.au/product/noize-pro-scooter/3099806,https://www.kmart.com.au/wcsstore/Kmart/images/ncatalog/sz/4/42901204-1-sz.jpg,99.00,-,Not Rated,0,;,
bfb9080d-cc6e-4d9f-a65b-146f2073be27,Outdoor Play,https://www.kmart.com.au/category/sports/shop-by-category/scooters-skates-&-skateboarding/252051#.plp-wrapper,Scooters Skates & Skateboarding,https://www.kmart.com.au/category/sports/shop-by-category/scooters-skates-&-skateboarding/252051#.plp-wrapper,Hot Wheels Inline Monster Scooter,https://www.kmart.com.au/product/hot-wheels-inline-monster-scooter/3058348,https://www.kmart.com.au/wcsstore/Kmart/images/ncatalog/sz/9/42906469-1-sz.jpg,29.00,-,Not Rated,0,;,
8c9405a6-c7bb-4a22-b0e1-14107aa4233a,Outdoor Play,https://www.kmart.com.au/category/sports/shop-by-category/scooters-skates-&-skateboarding/252051#.plp-wrapper,Scooters Skates & Skateboarding,https://www.kmart.com.au/category/sports/shop-by-category/scooters-skates-&-skateboarding/252051#.plp-wrapper,Inline Barbie Scooter,https://www.kmart.com.au/product/inline-barbie-scooter/3058349,https://www.kmart.com.au/wcsstore/Kmart/images/ncatalog/sz/6/42906476-1-sz.jpg,29.00,-,Not Rated,0,;,
89d80c0d-0f5a-41ea-9ab7-ea8dbad79dd1,Outdoor Play,https://www.kmart.com.au/category/sports/shop-by-category/scooters-skates-&-skateboarding/252051#.plp-wrapper,Scooters Skates & Skateboarding,https://www.kmart.com.au/category/sports/shop-by-category/scooters-skates-&-skateboarding/252051#.plp-wrapper,Pro Scooter,https://www.kmart.com.au/product/pro-scooter/3061311,https://www.kmart.com.au/wcsstore/Kmart/images/ncatalog/sz/7/42901037-1-sz.jpg,129.00,-,Not Rated,0,;,
4759f3ba-91f0-4d6c-8700-05fb84e57a27,Outdoor Play,https://www.kmart.com.au/category/sports/shop-by-category/scooters-skates-&-skateboarding/252051#.plp-wrapper,Scooters Skates & Skateboarding,https://www.kmart.com.au/category/sports/shop-by-category/scooters-skates-&-skateboarding/252051#.plp-wrapper,Skate Ramp,https://www.kmart.com.au/product/skate-ramp/3061316,https://www.kmart.com.au/wcsstore/Kmart/images/ncatalog/sz/7/42908487-1-sz.jpg,25.00,-,Not Rated,0,;,
eb30918b-7d22-4b20-80e1-f7a005bfb325,Outdoor Play,https://www.kmart.com.au/category/sports/shop-by-category/scooters-skates-&-skateboarding/252051#.plp-wrapper,Scooters Skates & Skateboarding,https://www.kmart.com.au/category/sports/shop-by-category/scooters-skates-&-skateboarding/252051#.plp-wrapper,Light Up Wheel Scooter,https://www.kmart.com.au/product/light-up-wheel-scooter/3058336,https://www.kmart.com.au/wcsstore/Kmart/images/ncatalog/sz/7/42900047-1-sz.jpg,22.00,-,Not Rated,0,;,
23b37d21-a45f-4f1b-9134-da57d883d08b,Outdoor Play,https://www.kmart.com.au/category/sports/shop-by-category/scooters-skates-&-skateboarding/252051#.plp-wrapper,Scooters Skates & Skateboarding,https://www.kmart.com.au/category/sports/shop-by-category/scooters-skates-&-skateboarding/252051#.plp-wrapper,Light Up Wheel Tilt and Turn Scooter,https://www.kmart.com.au/product/light-up-wheel-tilt-and-turn-scooter/3058338,https://www.kmart.com.au/wcsstore/Kmart/images/ncatalog/sz/5/42900665-1-sz.jpg,22.00,-,Not Rated,0,;,
e143e36d-fc28-48ba-8972-fe79b486f46d,Outdoor Play,https://www.kmart.com.au/category/sports/shop-by-category/scooters-skates-&-skateboarding/252051#.plp-wrapper,Scooters Skates & Skateboarding,https://www.kmart.com.au/category/sports/shop-by-category/scooters-skates-&-skateboarding/252051#.plp-wrapper,Pro Light Up Deck and Wheel Scooter,https://www.kmart.com.au/product/pro-light-up-deck-and-wheel-scooter/3061308,https://www.kmart.com.au/wcsstore/Kmart/images/ncatalog/sz/3/42900153-1-sz.jpg,35.00,-,Not Rated,0,;Back online soon,
285209f4-5f85-4605-b7ce-1d9822116aa1,Outdoor Play,https://www.kmart.com.au/category/sports/shop-by-category/scooters-skates-&-skateboarding/252051#.plp-wrapper,Scooters Skates & Skateboarding,https://www.kmart.com.au/category/sports/shop-by-category/scooters-skates-&-skateboarding/252051#.plp-wrapper,Light Up Wheel Tilt and Turn Scooter,https://www.kmart.com.au/product/light-up-wheel-tilt-and-turn-scooter/3061309,https://www.kmart.com.au/wcsstore/Kmart/images/ncatalog/sz/2/42900672-1-sz.jpg,22.00,-,Not Rated,0,;,
0abc8d5c-49ad-4671-b2f8-c6a5f6458b10,Outdoor Play,https://www.kmart.com.au/category/sports/shop-by-category/scooters-skates-&-skateboarding/252051#.plp-wrapper,Scooters Skates & Skateboarding,https://www.kmart.com.au/category/sports/shop-by-category/scooters-skates-&-skateboarding/252051#.plp-wrapper,Junior Training Roller Skates,https://www.kmart.com.au/product/junior-training-roller-skates/3061310,https://www.kmart.com.au/wcsstore/Kmart/images/ncatalog/sz/7/42900177-1-sz.jpg,29.00,-,Not Rated,0,;,
54e3217b-4a49-431a-a0f5-573e090fcc99,Outdoor Play,https://www.kmart.com.au/category/sports/shop-by-category/scooters-skates-&-skateboarding/252051#.plp-wrapper,Scooters Skates & Skateboarding,https://www.kmart.com.au/category/sports/shop-by-category/scooters-skates-&-skateboarding/252051#.plp-wrapper,Junior Scooter,https://www.kmart.com.au/product/junior-scooter/3061315,https://www.kmart.com.au/wcsstore/Kmart/images/ncatalog/sz/4/42907824-1-sz.jpg,59.00,-,Not Rated,0,;,
1f307ba9-91c8-497f-9c13-b62b17a0b2a7,Outdoor Play,https://www.kmart.com.au/category/sports/shop-by-category/scooters-skates-&-skateboarding/252051#.plp-wrapper,Scooters Skates & Skateboarding,https://www.kmart.com.au/category/sports/shop-by-category/scooters-skates-&-skateboarding/252051#.plp-wrapper,Pro Street Skateboard,https://www.kmart.com.au/product/pro-street-skateboard/3058340,https://www.kmart.com.au/wcsstore/Kmart/images/ncatalog/sz/0/42902010-1-sz.jpg,45.00,-,Not Rated,0,;,
90f2e0e4-eae3-42c4-aa75-2a4ee3ef1986,Outdoor Play,https://www.kmart.com.au/category/sports/shop-by-category/scooters-skates-&-skateboarding/252051#.plp-wrapper,Scooters Skates & Skateboarding,https://www.kmart.com.au/category/sports/shop-by-category/scooters-skates-&-skateboarding/252051#.plp-wrapper,Light Up Skateboard,https://www.kmart.com.au/product/light-up-skateboard/3058341,https://www.kmart.com.au/wcsstore/Kmart/images/ncatalog/sz/4/42901914-1-sz.jpg,35.00,-,Not Rated,0,;,
e79f57b7-c69c-40d2-b980-ae29f113cff3,Outdoor Play,https://www.kmart.com.au/category/sports/shop-by-category/scooters-skates-&-skateboarding/252051#.plp-wrapper,Scooters Skates & Skateboarding,https://www.kmart.com.au/category/sports/shop-by-category/scooters-skates-&-skateboarding/252051#.plp-wrapper,Skateboard,https://www.kmart.com.au/product/skateboard/3058342,https://www.kmart.com.au/wcsstore/Kmart/images/ncatalog/sz/1/42901921-1-sz.jpg,25.00,-,Not Rated,0,;,
668a0616-5dc7-4d9a-a2fc-8f4b4a47ebee,Outdoor Play,https://www.kmart.com.au/category/sports/shop-by-category/scooters-skates-&-skateboarding/252051#.plp-wrapper,Scooters Skates & Skateboarding,https://www.kmart.com.au/category/sports/shop-by-category/scooters-skates-&-skateboarding/252051#.plp-wrapper,Paw Patrol Tri Scooter,https://www.kmart.com.au/product/paw-patrol-tri-scooter/3063301,https://www.kmart.com.au/wcsstore/Kmart/images/ncatalog/sz/1/42919421-1-sz.jpg,25.00,-,Not Rated,0,;Back online soon,
d613f064-227a-41e6-9ccc-e87b377e463f,Outdoor Play,https://www.kmart.com.au/category/sports/shop-by-category/scooters-skates-&-skateboarding/252051#.plp-wrapper,Scooters Skates & Skateboarding,https://www.kmart.com.au/category/sports/shop-by-category/scooters-skates-&-skateboarding/252051#.plp-wrapper,858 Elite LED Light Up Scooter,https://www.kmart.com.au/product/858-elite-led-light-up-scooter/2926858,https://www.kmart.com.au/wcsstore/Kmart/images/ncatalog/sz/8/42864028-1-sz.jpg,39.00,-,Not Rated,0,;,
2a99ed17-476b-4099-88b2-9f3f16334fcf,Outdoor Play,https://www.kmart.com.au/category/sports/shop-by-category/scooters-skates-&-skateboarding/252051#.plp-wrapper,Scooters Skates & Skateboarding,https://www.kmart.com.au/category/sports/shop-by-category/scooters-skates-&-skateboarding/252051#.plp-wrapper,3-in-1 Tri Scooter,https://www.kmart.com.au/product/3-in-1-tri-scooter/2831823,https://www.kmart.com.au/wcsstore/Kmart/images/ncatalog/sz/8/42835868-1-sz.jpg,35.00,-,Not Rated,0,;Back online soon,
25c124b4-6bb1-4f8f-845b-3de2d5ab462c,Outdoor Play,https://www.kmart.com.au/category/sports/shop-by-category/scooters-skates-&-skateboarding/252051#.plp-wrapper,Scooters Skates & Skateboarding,https://www.kmart.com.au/category/sports/shop-by-category/scooters-skates-&-skateboarding/252051#.plp-wrapper,38in. Skateboard,https://www.kmart.com.au/product/38in.-skateboard/2907810,https://www.kmart.com.au/wcsstore/Kmart/images/ncatalog/sz/3/42839323-1-sz.jpg,47.00,-,Not Rated,0,;,
5c63ad2b-4945-4463-bc7f-0eaeae902204,Outdoor Play,https://www.kmart.com.au/category/sports/shop-by-category/scooters-skates-&-skateboarding/252051#.plp-wrapper,Scooters Skates & Skateboarding,https://www.kmart.com.au/category/sports/shop-by-category/scooters-skates-&-skateboarding/252051#.plp-wrapper,Youth Helmet - Medium Black,https://www.kmart.com.au/product/youth-helmet---medium-black/2895806,https://www.kmart.com.au/wcsstore/Kmart/images/ncatalog/sz/6/42850076-1-sz.jpg,16.00,-,Not Rated,0,;,
ad0081a8-6e61-4e6d-9aa6-1ae1c569891a,Outdoor Play,https://www.kmart.com.au/category/sports/shop-by-category/scooters-skates-&-skateboarding/252051#.plp-wrapper,Scooters Skates & Skateboarding,https://www.kmart.com.au/category/sports/shop-by-category/scooters-skates-&-skateboarding/252051#.plp-wrapper,Youth Helmet - Medium Purple,https://www.kmart.com.au/product/youth-helmet---medium-purple/2895809,https://www.kmart.com.au/wcsstore/Kmart/images/ncatalog/sz/5/42850045-1-sz.jpg,16.00,-,Not Rated,0,;,
047cb17c-dfe2-4235-ac2e-6f51248a5cb5,Outdoor Play,https://www.kmart.com.au/category/sports/shop-by-category/scooters-skates-&-skateboarding/252051#.plp-wrapper,Scooters Skates & Skateboarding,https://www.kmart.com.au/category/sports/shop-by-category/scooters-skates-&-skateboarding/252051#.plp-wrapper,858 Folding Scooter,https://www.kmart.com.au/product/858-folding-scooter/2823801,https://www.kmart.com.au/wcsstore/Kmart/images/ncatalog/sz/4/42799214-1-sz.jpg,39.00,-,Not Rated,0,;,
7936231e-a49b-4cdb-9c0c-f848c7493f54,Outdoor Play,https://www.kmart.com.au/category/sports/shop-by-category/scooters-skates-&-skateboarding/252051#.plp-wrapper,Scooters Skates & Skateboarding,https://www.kmart.com.au/category/sports/shop-by-category/scooters-skates-&-skateboarding/252051#.plp-wrapper,Kid's Helmet - Small,https://www.kmart.com.au/product/kids-helmet---small/2806803,https://www.kmart.com.au/wcsstore/Kmart/images/ncatalog/sz/4/42791034-1-sz.jpg,20.00,-,Not Rated,0,;,
37134813-ee23-4032-a64d-1c7edfe7c46c,Outdoor Play,https://www.kmart.com.au/category/sports/shop-by-category/scooters-skates-&-skateboarding/252051#.plp-wrapper,Scooters Skates & Skateboarding,https://www.kmart.com.au/category/sports/shop-by-category/scooters-skates-&-skateboarding/252051#.plp-wrapper,Youth Skate Helmet - Blue Medium,https://www.kmart.com.au/product/youth-skate-helmet---blue-medium/2857803,https://www.kmart.com.au/wcsstore/Kmart/images/ncatalog/sz/5/42791065-1-sz.jpg,18.00,-,Not Rated,0,;,
20feba76-3dd2-41b9-93a6-381fece4468c,Outdoor Play,https://www.kmart.com.au/category/sports/shop-by-category/scooters-skates-&-skateboarding/252051#.plp-wrapper,Scooters Skates & Skateboarding,https://www.kmart.com.au/category/sports/shop-by-category/scooters-skates-&-skateboarding/252051#.plp-wrapper,Junior Cruiser Skateboard,https://www.kmart.com.au/product/junior-cruiser-skateboard/2795841,https://www.kmart.com.au/wcsstore/Kmart/images/ncatalog/sz/6/42806066-1-sz.jpg,29.00,-,Not Rated,0,;,
44c6ff7b-1a70-4bd9-a500-a1478a355544,Outdoor Play,https://www.kmart.com.au/category/sports/shop-by-category/scooters-skates-&-skateboarding/252051#.plp-wrapper,Scooters Skates & Skateboarding,https://www.kmart.com.au/category/sports/shop-by-category/scooters-skates-&-skateboarding/252051#.plp-wrapper,Skateboard - Assorted,https://www.kmart.com.au/product/skateboard---assorted/2756303,https://www.kmart.com.au/wcsstore/Kmart/images/ncatalog/sz/2/42806042-1-sz.jpg,20.00						 ea,-,Not Rated,0,;,
26592f2d-1e2e-4890-91de-6fcce793c80b,Outdoor Play,https://www.kmart.com.au/category/sports/shop-by-category/scooters-skates-&-skateboarding/252051#.plp-wrapper,Scooters Skates & Skateboarding,https://www.kmart.com.au/category/sports/shop-by-category/scooters-skates-&-skateboarding/252051#.plp-wrapper,Junior Skate Helmet - Small,https://www.kmart.com.au/product/junior-skate-helmet---small/2777305,https://www.kmart.com.au/wcsstore/Kmart/images/ncatalog/sz/0/42791010-1-sz.jpg,18.00,-,Not Rated,0,;,
d1c641fb-cfe6-4f13-b35c-038cccf020af,Outdoor Play,https://www.kmart.com.au/category/sports/shop-by-category/scooters-skates-&-skateboarding/252051#.plp-wrapper,Scooters Skates & Skateboarding,https://www.kmart.com.au/category/sports/shop-by-category/scooters-skates-&-skateboarding/252051#.plp-wrapper,Kid's Helmet - Pink,https://www.kmart.com.au/product/kids-helmet---pink/2777306,https://www.kmart.com.au/wcsstore/Kmart/images/ncatalog/sz/7/42791027-1-sz.jpg,18.00,-,Not Rated,0,;,
b48e60f0-9a1e-42b5-92df-958f064459dd,Outdoor Play,https://www.kmart.com.au/category/sports/shop-by-category/scooters-skates-&-skateboarding/252051#.plp-wrapper,Scooters Skates & Skateboarding,https://www.kmart.com.au/category/sports/shop-by-category/scooters-skates-&-skateboarding/252051#.plp-wrapper,Kid's Helmet - Purple Small,https://www.kmart.com.au/product/kids-helmet---purple-small/2777307,https://www.kmart.com.au/wcsstore/Kmart/images/ncatalog/sz/1/42791041-1-sz.jpg,20.00,-,Not Rated,0,;,
c0a8935e-53f7-4562-a9a0-fad2c2c908df,Outdoor Play,https://www.kmart.com.au/category/sports/shop-by-category/scooters-skates-&-skateboarding/252051#.plp-wrapper,Scooters Skates & Skateboarding,https://www.kmart.com.au/category/sports/shop-by-category/scooters-skates-&-skateboarding/252051#.plp-wrapper,Skate Helmet - Medium,https://www.kmart.com.au/product/skate-helmet---medium/2777308,https://www.kmart.com.au/wcsstore/Kmart/images/ncatalog/sz/2/42791102-1-sz.jpg,18.00,-,Not Rated,0,;,
dd11843c-059f-4593-9742-8eefa9fc339f,Outdoor Play,https://www.kmart.com.au/category/sports/shop-by-category/scooters-skates-&-skateboarding/252051#.plp-wrapper,Scooters Skates & Skateboarding,https://www.kmart.com.au/category/sports/shop-by-category/scooters-skates-&-skateboarding/252051#.plp-wrapper,Enduro Helmet - Medium,https://www.kmart.com.au/product/enduro-helmet---medium/2777309,https://www.kmart.com.au/wcsstore/Kmart/images/ncatalog/sz/9/42791119-1-sz.jpg,19.00,-,Not Rated,0,;,
85923eca-7406-4b38-96b3-183f3593f7e0,Outdoor Play,https://www.kmart.com.au/category/sports/shop-by-category/scooters-skates-&-skateboarding/252051#.plp-wrapper,Scooters Skates & Skateboarding,https://www.kmart.com.au/category/sports/shop-by-category/scooters-skates-&-skateboarding/252051#.plp-wrapper,Urban Helmet - Medium,https://www.kmart.com.au/product/urban-helmet---medium/2777310,https://www.kmart.com.au/wcsstore/Kmart/images/ncatalog/sz/6/42791126-1-sz.jpg,29.00,-,Not Rated,0,;,
d42f4a10-cb49-4415-a682-3c78cffb6b0a,Outdoor Play,https://www.kmart.com.au/category/sports/shop-by-category/scooters-skates-&-skateboarding/252051#.plp-wrapper,Scooters Skates & Skateboarding,https://www.kmart.com.au/category/sports/shop-by-category/scooters-skates-&-skateboarding/252051#.plp-wrapper,Hot Wheels Inline Scooter,https://www.kmart.com.au/product/hot-wheels-inline-scooter/2784806,https://www.kmart.com.au/wcsstore/Kmart/images/ncatalog/sz/4/42778844-1-sz.jpg,20.00,-,Not Rated,0,;Out of stock online,
6287ea0a-8b46-4fe0-b398-21cffc9c4029,Outdoor Play,https://www.kmart.com.au/category/sports/shop-by-category/scooters-skates-&-skateboarding/252051#.plp-wrapper,Scooters Skates & Skateboarding,https://www.kmart.com.au/category/sports/shop-by-category/scooters-skates-&-skateboarding/252051#.plp-wrapper,Kid's Helmet - Small Blue,https://www.kmart.com.au/product/kids-helmet---small-blue/2747313,https://www.kmart.com.au/wcsstore/Kmart/images/ncatalog/sz/3/42770343-1-sz.jpg,16.00,-,Not Rated,0,;,
5e03e2b6-4697-4f20-ac3a-c3cf0d669d3c,Outdoor Play,https://www.kmart.com.au/category/sports/shop-by-category/scooters-skates-&-skateboarding/252051#.plp-wrapper,Scooters Skates & Skateboarding,https://www.kmart.com.au/category/sports/shop-by-category/scooters-skates-&-skateboarding/252051#.plp-wrapper,Junior Skate Helmet - Small,https://www.kmart.com.au/product/junior-skate-helmet---small/2747314,https://www.kmart.com.au/wcsstore/Kmart/images/ncatalog/sz/0/42770350-1-sz.jpg,16.00,-,Not Rated,0,;,
c5940aa9-1518-4f6a-bd10-7f6c7cba28ef,Outdoor Play,https://www.kmart.com.au/category/sports/shop-by-category/scooters-skates-&-skateboarding/252051#.plp-wrapper,Scooters Skates & Skateboarding,https://www.kmart.com.au/category/sports/shop-by-category/scooters-skates-&-skateboarding/252051#.plp-wrapper,Urban Helmet - Large,https://www.kmart.com.au/product/urban-helmet---large/2747323,https://www.kmart.com.au/wcsstore/Kmart/images/ncatalog/sz/1/42795421-1-sz.jpg,29.00,-,Not Rated,0,;,
3104d957-b278-4ed2-856e-1b46287015ba,Outdoor Play,https://www.kmart.com.au/category/sports/shop-by-category/scooters-skates-&-skateboarding/252051#.plp-wrapper,Scooters Skates & Skateboarding,https://www.kmart.com.au/category/sports/shop-by-category/scooters-skates-&-skateboarding/252051#.plp-wrapper,Frozen Helmet - Blue,https://www.kmart.com.au/product/frozen-helmet---blue/2720327,https://www.kmart.com.au/wcsstore/Kmart/images/ncatalog/sz/3/42778943-1-sz.jpg,20.00,-,Not Rated,0,;Back online soon,
204912a4-b466-4ee7-a889-5da7c983f40b,Outdoor Play,https://www.kmart.com.au/category/sports/shop-by-category/scooters-skates-&-skateboarding/252051#.plp-wrapper,Scooters Skates & Skateboarding,https://www.kmart.com.au/category/sports/shop-by-category/scooters-skates-&-skateboarding/252051#.plp-wrapper,Roller Skates - Black & Pink Size 3 to 5,https://www.kmart.com.au/product/roller-skates---black--pink-size-3-to-5/2709829,https://www.kmart.com.au/wcsstore/Kmart/images/ncatalog/sz/3/42775263-1-sz.jpg,39.00,-,Not Rated,0,;,
51a33dbf-195b-4fc3-a849-33feff0a51aa,Outdoor Play,https://www.kmart.com.au/category/sports/shop-by-category/scooters-skates-&-skateboarding/252051#.plp-wrapper,Scooters Skates & Skateboarding,https://www.kmart.com.au/category/sports/shop-by-category/scooters-skates-&-skateboarding/252051#.plp-wrapper,Unicorn Helmet - White,https://www.kmart.com.au/product/unicorn-helmet---white/2705319,https://www.kmart.com.au/wcsstore/Kmart/images/ncatalog/sz/9/42770039-1-sz.jpg,24.00,-,Not Rated,0,;,
afc2de55-90b0-4965-9b45-0581998bb0b2,Outdoor Play,https://www.kmart.com.au/category/sports/shop-by-category/scooters-skates-&-skateboarding/252051#.plp-wrapper,Scooters Skates & Skateboarding,https://www.kmart.com.au/category/sports/shop-by-category/scooters-skates-&-skateboarding/252051#.plp-wrapper,Roller Skates - Black & Pink Size 6 to 8,https://www.kmart.com.au/product/roller-skates---black--pink-size-6-to-8/2590354,https://www.kmart.com.au/wcsstore/Kmart/images/ncatalog/sz/0/42775270-1-sz.jpg,39.00,-,Not Rated,0,;Back online soon,
58e74f4f-0ebd-49ae-a388-3f1134375d52,Outdoor Play,https://www.kmart.com.au/category/sports/shop-by-category/scooters-skates-&-skateboarding/252051#.plp-wrapper,Scooters Skates & Skateboarding,https://www.kmart.com.au/category/sports/shop-by-category/scooters-skates-&-skateboarding/252051#.plp-wrapper,Inline Scooter - Blue,https://www.kmart.com.au/product/inline-scooter---blue/2686311,https://www.kmart.com.au/wcsstore/Kmart/images/ncatalog/sz/2/42767282-1-sz.jpg,18.00,-,Not Rated,0,;,
426fddf4-ab7e-4ebe-93d3-2504457ff1c5,Outdoor Play,https://www.kmart.com.au/category/sports/shop-by-category/scooters-skates-&-skateboarding/252051#.plp-wrapper,Scooters Skates & Skateboarding,https://www.kmart.com.au/category/sports/shop-by-category/scooters-skates-&-skateboarding/252051#.plp-wrapper,Inline Scooter - Pink,https://www.kmart.com.au/product/inline-scooter---pink/2686312,https://www.kmart.com.au/wcsstore/Kmart/images/ncatalog/sz/9/42767299-1-sz.jpg,18.00,-,Not Rated,0,;,
a4766187-d292-4b4d-bc7e-761118229eab,Outdoor Play,https://www.kmart.com.au/category/sports/shop-by-category/scooters-skates-&-skateboarding/252051#.plp-wrapper,Scooters Skates & Skateboarding,https://www.kmart.com.au/category/sports/shop-by-category/scooters-skates-&-skateboarding/252051#.plp-wrapper,Roller Skates - Black & Pink Size 13 to 2,https://www.kmart.com.au/product/roller-skates---black--pink-size-13-to-2/2697849,https://www.kmart.com.au/wcsstore/Kmart/images/ncatalog/sz/6/42775256-1-sz.jpg,39.00,-,Not Rated,0,;Back online soon,
b67edeae-ab9c-4104-bc19-54111474ffc5,Outdoor Play,https://www.kmart.com.au/category/sports/shop-by-category/scooters-skates-&-skateboarding/252051#.plp-wrapper,Scooters Skates & Skateboarding,https://www.kmart.com.au/category/sports/shop-by-category/scooters-skates-&-skateboarding/252051#.plp-wrapper,Crest Custom Pro Scooter,https://www.kmart.com.au/product/crest-custom-pro-scooter/2580313,https://www.kmart.com.au/wcsstore/Kmart/images/ncatalog/sz/9/42740049-1-sz.jpg,99.00,-,Not Rated,0,;Back online soon,
d66392e4-c1e8-413c-a9e5-c041c98df21b,Outdoor Play,https://www.kmart.com.au/category/sports/shop-by-category/scooters-skates-&-skateboarding/252051#.plp-wrapper,Scooters Skates & Skateboarding,https://www.kmart.com.au/category/sports/shop-by-category/scooters-skates-&-skateboarding/252051#.plp-wrapper,Dirt Scooter,https://www.kmart.com.au/product/dirt-scooter/2580309,https://www.kmart.com.au/wcsstore/Kmart/images/ncatalog/sz/2/42745822-1-sz.jpg,59.00,-,Not Rated,0,;Back online soon,
e5130621-e1de-4533-82ec-2694457ec7b0,Outdoor Play,https://www.kmart.com.au/category/sports/shop-by-category/scooters-skates-&-skateboarding/252051#.plp-wrapper,Scooters Skates & Skateboarding,https://www.kmart.com.au/category/sports/shop-by-category/scooters-skates-&-skateboarding/252051#.plp-wrapper,Junior Helmet - Small Pink,https://www.kmart.com.au/product/junior-helmet---small-pink/2561803,https://www.kmart.com.au/wcsstore/Kmart/images/ncatalog/sz/0/42706380-1-sz.jpg,12.00,-,Not Rated,0,;,
b6baa9ac-88a8-4b3c-9b1b-34750a358c99,Outdoor Play,https://www.kmart.com.au/category/sports/shop-by-category/scooters-skates-&-skateboarding/252051#.plp-wrapper,Scooters Skates & Skateboarding,https://www.kmart.com.au/category/sports/shop-by-category/scooters-skates-&-skateboarding/252051#.plp-wrapper,Park Pro Scooter,https://www.kmart.com.au/product/park-pro-scooter/2497814,https://www.kmart.com.au/wcsstore/Kmart/images/ncatalog/sz/9/42704379-1-sz.jpg,69.00,-,Not Rated,0,;,
ed4b40e4-d852-4ab4-bd4f-166be4915f31,Outdoor Play,https://www.kmart.com.au/category/sports/shop-by-category/scooters-skates-&-skateboarding/252051#.plp-wrapper,Scooters Skates & Skateboarding,https://www.kmart.com.au/category/sports/shop-by-category/scooters-skates-&-skateboarding/252051#.plp-wrapper,Street Skateboard,https://www.kmart.com.au/product/street-skateboard/2466818,https://www.kmart.com.au/wcsstore/Kmart/images/ncatalog/sz/8/42704348-1-sz.jpg,37.00,-,Not Rated,0,;,
bec6f806-3401-4be4-b306-09ef531a3b88,Outdoor Play,https://www.kmart.com.au/category/sports/shop-by-category/scooters-skates-&-skateboarding/252051#.plp-wrapper,Scooters Skates & Skateboarding,https://www.kmart.com.au/category/sports/shop-by-category/scooters-skates-&-skateboarding/252051#.plp-wrapper,Switch Pro Scooter,https://www.kmart.com.au/product/switch-pro-scooter/2324324,https://www.kmart.com.au/wcsstore/Kmart/images/ncatalog/sz/5/42704645-1-sz.jpg,49.00,-,Not Rated,0,;,
bba88e5b-d1ce-430d-b2e2-5188c530093a,Outdoor Play,https://www.kmart.com.au/category/sports/shop-by-category/scooters-skates-&-skateboarding/252051#.plp-wrapper,Scooters Skates & Skateboarding,https://www.kmart.com.au/category/sports/shop-by-category/scooters-skates-&-skateboarding/252051#.plp-wrapper,Inline Skates - Size 5 to 7,https://www.kmart.com.au/product/inline-skates---size-5-to-7/2303843,https://www.kmart.com.au/wcsstore/Kmart/images/ncatalog/sz/1/42686071-1-sz.jpg,39.00,-,Not Rated,0,;Back online soon,
e61b8d9c-d163-426a-9a63-d833895a8d29,Outdoor Play,https://www.kmart.com.au/category/sports/shop-by-category/scooters-skates-&-skateboarding/252051#.plp-wrapper,Scooters Skates & Skateboarding,https://www.kmart.com.au/category/sports/shop-by-category/scooters-skates-&-skateboarding/252051#.plp-wrapper,PAW Patrol Skye Scooter,https://www.kmart.com.au/product/paw-patrol-skye-scooter/2252820,https://www.kmart.com.au/wcsstore/Kmart/images/ncatalog/sz/1/42684541-1-sz.jpg,25.00,-,Not Rated,0,;Back online soon,
bbe92664-c69c-48b0-8680-5be6fc056d8d,Outdoor Play,https://www.kmart.com.au/category/sports/shop-by-category/scooters-skates-&-skateboarding/252051#.plp-wrapper,Scooters Skates & Skateboarding,https://www.kmart.com.au/category/sports/shop-by-category/scooters-skates-&-skateboarding/252051#.plp-wrapper,Switch Pro Scooter,https://www.kmart.com.au/product/switch-pro-scooter/2256365,https://www.kmart.com.au/wcsstore/Kmart/images/ncatalog/sz/8/42688228-1-sz.jpg,49.00,-,Not Rated,0,;,
ea66fdff-4fa6-478c-b344-b5a51431c05a,Outdoor Play,https://www.kmart.com.au/category/sports/shop-by-category/scooters-skates-&-skateboarding/252051#.plp-wrapper,Scooters Skates & Skateboarding,https://www.kmart.com.au/category/sports/shop-by-category/scooters-skates-&-skateboarding/252051#.plp-wrapper,L.O.L Surprise! Inline Scooter,https://www.kmart.com.au/product/l.o.l-surprise!-inline-scooter/2288376,https://www.kmart.com.au/wcsstore/Kmart/images/ncatalog/sz/0/42686040-1-sz.jpg,20.00,-,Not Rated,0,;,
2e2b756f-c9ba-467a-94f4-7505c9455df8,Outdoor Play,https://www.kmart.com.au/category/sports/shop-by-category/scooters-skates-&-skateboarding/252051#.plp-wrapper,Scooters Skates & Skateboarding,https://www.kmart.com.au/category/sports/shop-by-category/scooters-skates-&-skateboarding/252051#.plp-wrapper,Enduro Helmet - Medium,https://www.kmart.com.au/product/enduro-helmet---medium/2289809,https://www.kmart.com.au/wcsstore/Kmart/images/ncatalog/sz/4/42642374-1-sz.jpg,19.00,-,Not Rated,0,;,
42c01b02-9101-42aa-8ba4-28cd1fe96cd1,Outdoor Play,https://www.kmart.com.au/category/sports/shop-by-category/scooters-skates-&-skateboarding/252051#.plp-wrapper,Scooters Skates & Skateboarding,https://www.kmart.com.au/category/sports/shop-by-category/scooters-skates-&-skateboarding/252051#.plp-wrapper,Inline Skates - Size 2 to 4,https://www.kmart.com.au/product/inline-skates---size-2-to-4/2303845,https://www.kmart.com.au/wcsstore/Kmart/images/ncatalog/sz/4/42686064-1-sz.jpg,39.00,-,Not Rated,0,;Back online soon,
095dd531-9ec5-4c89-a11c-f38338b509f6,Outdoor Play,https://www.kmart.com.au/category/sports/shop-by-category/scooters-skates-&-skateboarding/252051#.plp-wrapper,Scooters Skates & Skateboarding,https://www.kmart.com.au/category/sports/shop-by-category/scooters-skates-&-skateboarding/252051#.plp-wrapper,Inline Skates - Size 12 to 1,https://www.kmart.com.au/product/inline-skates---size-12-to-1/2303844,https://www.kmart.com.au/wcsstore/Kmart/images/ncatalog/sz/7/42686057-1-sz.jpg,39.00,-,Not Rated,0,;Out of stock online,
cb6f6485-868f-4d52-ae09-8893aec0ac73,Outdoor Play,https://www.kmart.com.au/category/sports/shop-by-category/scooters-skates-&-skateboarding/252051#.plp-wrapper,Scooters Skates & Skateboarding,https://www.kmart.com.au/category/sports/shop-by-category/scooters-skates-&-skateboarding/252051#.plp-wrapper,21in. Skateboard,https://www.kmart.com.au/product/21in.-skateboard/2221306,https://www.kmart.com.au/wcsstore/Kmart/images/ncatalog/sz/4/42621744-1-sz.jpg,10.00,-,Not Rated,0,;,
e0033958-2510-4cd8-8ac8-90ce9fcb5d2d,Outdoor Play,https://www.kmart.com.au/category/sports/shop-by-category/scooters-skates-&-skateboarding/252051#.plp-wrapper,Scooters Skates & Skateboarding,https://www.kmart.com.au/category/sports/shop-by-category/scooters-skates-&-skateboarding/252051#.plp-wrapper,Zenith Helmet - Large,https://www.kmart.com.au/product/zenith-helmet---large/2206822,https://www.kmart.com.au/wcsstore/Kmart/images/ncatalog/sz/8/42658528-1-sz.jpg,18.00,-,Not Rated,0,;,
6b4ed4a8-0990-44d4-be7d-631e1bcb59ed,Outdoor Play,https://www.kmart.com.au/category/sports/shop-by-category/scooters-skates-&-skateboarding/252051#.plp-wrapper,Scooters Skates & Skateboarding,https://www.kmart.com.au/category/sports/shop-by-category/scooters-skates-&-skateboarding/252051#.plp-wrapper,Escapade Helmet - Large,https://www.kmart.com.au/product/escapade-helmet---large/2206816,https://www.kmart.com.au/wcsstore/Kmart/images/ncatalog/sz/8/42642398-1-sz.jpg,29.00,-,Not Rated,0,;,
521a9f27-6a0d-42a6-a8f4-3898369d6c5b,Outdoor Play,https://www.kmart.com.au/category/sports/shop-by-category/scooters-skates-&-skateboarding/252051#.plp-wrapper,Scooters Skates & Skateboarding,https://www.kmart.com.au/category/sports/shop-by-category/scooters-skates-&-skateboarding/252051#.plp-wrapper,Pro Crest Scooter - Black,https://www.kmart.com.au/product/pro-crest-scooter---black/2140325,https://www.kmart.com.au/wcsstore/Kmart/images/ncatalog/sz/5/42647775-1-sz.jpg,82.00,-,Not Rated,0,;,
e100d364-01f7-48d0-991f-413f573f7287,Outdoor Play,https://www.kmart.com.au/category/sports/shop-by-category/scooters-skates-&-skateboarding/252051#.plp-wrapper,Scooters Skates & Skateboarding,https://www.kmart.com.au/category/sports/shop-by-category/scooters-skates-&-skateboarding/252051#.plp-wrapper,Poppy Tri Scooter,https://www.kmart.com.au/product/poppy-tri-scooter/2254366,https://www.kmart.com.au/wcsstore/Kmart/images/ncatalog/sz/6/42625216-1-sz.jpg,18.00,-,Not Rated,0,;Out of stock online,
26cfcda1-4312-4f9c-8587-c011c77d81ce,Outdoor Play,https://www.kmart.com.au/category/sports/shop-by-category/scooters-skates-&-skateboarding/252051#.plp-wrapper,Scooters Skates & Skateboarding,https://www.kmart.com.au/category/sports/shop-by-category/scooters-skates-&-skateboarding/252051#.plp-wrapper,Retro Skateboard - Blue,https://www.kmart.com.au/product/retro-skateboard---blue/2128852,https://www.kmart.com.au/wcsstore/Kmart/images/ncatalog/sz/6/42637486-1-sz.jpg,16.00,-,Not Rated,0,;,
c01ffb78-0d90-4b50-9417-6b2cb9f748d4,Outdoor Play,https://www.kmart.com.au/category/sports/shop-by-category/scooters-skates-&-skateboarding/252051#.plp-wrapper,Scooters Skates & Skateboarding,https://www.kmart.com.au/category/sports/shop-by-category/scooters-skates-&-skateboarding/252051#.plp-wrapper,Scooter Board - Assorted,https://www.kmart.com.au/product/scooter-board---assorted/2127889,https://www.kmart.com.au/wcsstore/Kmart/images/ncatalog/sz/2/42649762-1-sz.jpg,16.00						 ea,-,Not Rated,0,;,
64fec37d-8b9f-49b2-96f1-3df2024a3430,Outdoor Play,https://www.kmart.com.au/category/sports/shop-by-category/scooters-skates-&-skateboarding/252051#.plp-wrapper,Scooters Skates & Skateboarding,https://www.kmart.com.au/category/sports/shop-by-category/scooters-skates-&-skateboarding/252051#.plp-wrapper,Junior Protective Set - Pink,https://www.kmart.com.au/product/junior-protective-set---pink/2128828,https://www.kmart.com.au/wcsstore/Kmart/images/ncatalog/sz/7/42621737-1-sz.jpg,8.50,-,Not Rated,0,;,
58d3979b-8600-402d-a9b4-6a8dcdcd09cf,Outdoor Play,https://www.kmart.com.au/category/sports/shop-by-category/scooters-skates-&-skateboarding/252051#.plp-wrapper,Scooters Skates & Skateboarding,https://www.kmart.com.au/category/sports/shop-by-category/scooters-skates-&-skateboarding/252051#.plp-wrapper,Junior Protective Set - Black & Red,https://www.kmart.com.au/product/junior-protective-set---black--red/2128833,https://www.kmart.com.au/wcsstore/Kmart/images/ncatalog/sz/0/42621720-1-sz.jpg,8.50,-,Not Rated,0,;,
943f2b89-406c-4922-b3a4-bc9da45f2076,Outdoor Play,https://www.kmart.com.au/category/sports/shop-by-category/scooters-skates-&-skateboarding/252051#.plp-wrapper,Scooters Skates & Skateboarding,https://www.kmart.com.au/category/sports/shop-by-category/scooters-skates-&-skateboarding/252051#.plp-wrapper,Enduro Helmet - Large,https://www.kmart.com.au/product/enduro-helmet---large/2140316,https://www.kmart.com.au/wcsstore/Kmart/images/ncatalog/sz/1/42642381-1-sz.jpg,19.00,-,Not Rated,0,;,
269c349b-b1fd-4072-a174-9da421c14267,Outdoor Play,https://www.kmart.com.au/category/sports/shop-by-category/scooters-skates-&-skateboarding/252051#.plp-wrapper,Scooters Skates & Skateboarding,https://www.kmart.com.au/category/sports/shop-by-category/scooters-skates-&-skateboarding/252051#.plp-wrapper,Junior Rainbow Scooter,https://www.kmart.com.au/product/junior-rainbow-scooter/2026353,https://www.kmart.com.au/wcsstore/Kmart/images/ncatalog/sz/0/42556930-1-sz.jpg,18.00,-,Not Rated,0,;Out of stock online,
6ff821cb-5e23-409e-a84d-86a461cb57f9,Outdoor Play,https://www.kmart.com.au/category/sports/shop-by-category/scooters-skates-&-skateboarding/252051#.plp-wrapper,Scooters Skates & Skateboarding,https://www.kmart.com.au/category/sports/shop-by-category/scooters-skates-&-skateboarding/252051#.plp-wrapper,Pogo Stick - Assorted,https://www.kmart.com.au/product/pogo-stick---assorted/1810310,https://www.kmart.com.au/wcsstore/Kmart/images/ncatalog/sz/9/42543909-1-sz.jpg,26.00						 ea,-,Not Rated,0,;Back online soon,
78bfdf4c-2c0a-49dd-b523-88e66a2a879a,Outdoor Play,https://www.kmart.com.au/category/sports/shop-by-category/scooters-skates-&-skateboarding/252051#.plp-wrapper,Scooters Skates & Skateboarding,https://www.kmart.com.au/category/sports/shop-by-category/scooters-skates-&-skateboarding/252051#.plp-wrapper,Animals Small Junior Helmet,https://www.kmart.com.au/product/animals-small-junior-helmet/1684901,https://www.kmart.com.au/wcsstore/Kmart/images/ncatalog/sz/4/42524434-1-sz.jpg,12.00,-,Not Rated,0,;,
6f023c46-a56d-410d-9e3d-305afc4c7c6f,Outdoor Play,https://www.kmart.com.au/category/sports/shop-by-category/scooters-skates-&-skateboarding/252051#.plp-wrapper,Scooters Skates & Skateboarding,https://www.kmart.com.au/category/sports/shop-by-category/scooters-skates-&-skateboarding/252051#.plp-wrapper,Small Devon Helmet - Assorted,https://www.kmart.com.au/product/small-devon-helmet---assorted/1596327,https://www.kmart.com.au/wcsstore/Kmart/images/ncatalog/sz/0/42505990-1-sz.jpg,7.00						 ea,-,Not Rated,0,;,
9652e7af-ad6d-42b6-88d0-a399cf581c90,Outdoor Play,https://www.kmart.com.au/category/sports/shop-by-category/scooters-skates-&-skateboarding/252051#.plp-wrapper,Scooters Skates & Skateboarding,https://www.kmart.com.au/category/sports/shop-by-category/scooters-skates-&-skateboarding/252051#.plp-wrapper,Medium Devon Helmet - Grey,https://www.kmart.com.au/product/medium-devon-helmet---grey/1596328,https://www.kmart.com.au/wcsstore/Kmart/images/ncatalog/sz/3/42506003-1-sz.jpg,7.00,-,Not Rated,0,;,
ad930f48-6b24-4c1f-a76a-43fb858668f3,Outdoor Play,https://www.kmart.com.au/category/sports/shop-by-category/scooters-skates-&-skateboarding/252051#.plp-wrapper,Scooters Skates & Skateboarding,https://www.kmart.com.au/category/sports/shop-by-category/scooters-skates-&-skateboarding/252051#.plp-wrapper,Urban Camo Helmet - Medium,https://www.kmart.com.au/product/urban-camo-helmet---medium/1635880,https://www.kmart.com.au/wcsstore/Kmart/images/ncatalog/sz/8/42498698-1-sz.jpg,29.00,-,Not Rated,0,;,
4fa99b91-c20f-4aab-9ff9-5e0420076cad,Outdoor Play,https://www.kmart.com.au/category/sports/shop-by-category/scooters-skates-&-skateboarding/252051#.plp-wrapper,Scooters Skates & Skateboarding,https://www.kmart.com.au/category/sports/shop-by-category/scooters-skates-&-skateboarding/252051#.plp-wrapper,Large Devon Helmet - Grey,https://www.kmart.com.au/product/large-devon-helmet---grey/1596329,https://www.kmart.com.au/wcsstore/Kmart/images/ncatalog/sz/0/42506010-1-sz.jpg,7.00,-,Not Rated,0,;,
ced907b5-e843-4a4f-8bf7-27c2af73a9b5,Outdoor Play,https://www.kmart.com.au/category/sports/shop-by-category/scooters-skates-&-skateboarding/252051#.plp-wrapper,Scooters Skates & Skateboarding,https://www.kmart.com.au/category/sports/shop-by-category/scooters-skates-&-skateboarding/252051#.plp-wrapper,Light Up Wheel Scooter,https://www.kmart.com.au/product/light-up-wheel-scooter/1557874,https://www.kmart.com.au/wcsstore/Kmart/images/ncatalog/sz/8/42498728-1-sz.jpg,20.00,-,Not Rated,0,;,
3a1c9cab-936e-405b-8834-946ff5ac8606,Outdoor Play,https://www.kmart.com.au/category/sports/shop-by-category/scooters-skates-&-skateboarding/252051#.plp-wrapper,Scooters Skates & Skateboarding,https://www.kmart.com.au/category/sports/shop-by-category/scooters-skates-&-skateboarding/252051#.plp-wrapper,Pro Skate Helmet - Medium/Large,https://www.kmart.com.au/product/pro-skate-helmet---medium-large/1309802,https://www.kmart.com.au/wcsstore/Kmart/images/ncatalog/sz/0/42415510-1-sz.jpg,25.00,-,Not Rated,0,;,
fd23abb7-97c3-4a2d-916e-fc8f22ba69fe,Outdoor Play,https://www.kmart.com.au/category/sports/shop-by-category/scooters-skates-&-skateboarding/252051#.plp-wrapper,Scooters Skates & Skateboarding,https://www.kmart.com.au/category/sports/shop-by-category/scooters-skates-&-skateboarding/252051#.plp-wrapper,Racer Replacement Wheel,https://www.kmart.com.au/product/racer-replacement-wheel/722911,https://www.kmart.com.au/wcsstore/Kmart/images/ncatalog/sz/7/41935897-1-sz.jpg,8.50,-,Not Rated,0,;Out of stock online,
75523c9c-aa6e-43a4-a8e4-ddc7da08bd0c,Outdoor Play,https://www.kmart.com.au/category/sports/shop-by-category/scooters-skates-&-skateboarding/252051#.plp-wrapper,Scooters Skates & Skateboarding,https://www.kmart.com.au/category/sports/shop-by-category/scooters-skates-&-skateboarding/252051#.plp-wrapper,Youth Pro Protective Set,https://www.kmart.com.au/product/youth-pro-protective-set/121810,https://www.kmart.com.au/wcsstore/Kmart/images/ncatalog/sz/3/41865453-1-sz.jpg,15.00,-,Not Rated,0,;,
459d76bc-4a67-42e8-b6e8-c138ae83ec1d,Outdoor Play,https://www.kmart.com.au/category/sports/shop-by-category/scooters-skates-&-skateboarding/252051#.plp-wrapper,Scooters Skates & Skateboarding,https://www.kmart.com.au/category/sports/shop-by-category/scooters-skates-&-skateboarding/252051#.plp-wrapper,Youth Protective Pads Set,https://www.kmart.com.au/product/youth-protective-pads-set/122220,https://www.kmart.com.au/wcsstore/Kmart/images/ncatalog/sz/0/38937910-1-sz.jpg,8.50,-,Not Rated,0,;,
c1de5a77-969f-41b3-b900-05c2e9da945f,Outdoor Play,https://www.kmart.com.au/category/sports/shop-by-category/scooters-skates-&-skateboarding/252051#.plp-wrapper,Scooters Skates & Skateboarding,https://www.kmart.com.au/category/sports/shop-by-category/scooters-skates-&-skateboarding/252051#.plp-wrapper,Spiderman Bicycle Helmet,https://www.kmart.com.au/product/spiderman-bicycle-helmet/116004,https://www.kmart.com.au/wcsstore/Kmart/images/ncatalog/sz/2/41677872-1-sz.jpg,20.00,-,Not Rated,0,;,
