6653e25a-5e3a-48b9-a92c-e9e443cba3d7,Toys,https://www.kmart.com.au/category/toys/brands/frozen/347505#.plp-wrapper,Frozen,https://www.kmart.com.au/category/toys/brands/frozen/347505#.plp-wrapper,Disney Frozen II Surprise Make Up Ball - Assorted,https://www.kmart.com.au/product/disney-frozen-ii-surprise-make-up-ball---assorted/2767301,https://www.kmart.com.au/wcsstore/Kmart/images/ncatalog/sz/9/42792109-1-sz.jpg,9.00						 ea,-,Not Rated,0,;,
0117f732-52bd-4904-b50f-f9fe429725b2,Toys,https://www.kmart.com.au/category/toys/brands/frozen/347505#.plp-wrapper,Frozen,https://www.kmart.com.au/category/toys/brands/frozen/347505#.plp-wrapper,Disney Frozen II Flavoured Lip Balm Set,https://www.kmart.com.au/product/disney-frozen-ii-flavoured-lip-balm-set/2795843,https://www.kmart.com.au/wcsstore/Kmart/images/ncatalog/sz/6/42807186-1-sz.jpg,10.00,-,Not Rated,0,;,
2b853a31-bca9-4e9e-8faf-9d4b381c22a9,Toys,https://www.kmart.com.au/category/toys/brands/frozen/347505#.plp-wrapper,Frozen,https://www.kmart.com.au/category/toys/brands/frozen/347505#.plp-wrapper,Disney Frozen II Musical Mobile Phone,https://www.kmart.com.au/product/disney-frozen-ii-musical-mobile-phone/3120815,https://www.kmart.com.au/wcsstore/Kmart/images/ncatalog/sz/0/42919490-1-sz.jpg,15.00,-,Not Rated,0,;,
79edadd3-e2cc-43dc-b503-bf6182054483,Toys,https://www.kmart.com.au/category/toys/brands/frozen/347505#.plp-wrapper,Frozen,https://www.kmart.com.au/category/toys/brands/frozen/347505#.plp-wrapper,Disney Frozen II Mini Doll Multipack,https://www.kmart.com.au/product/disney-frozen-ii-mini-doll-multipack/3103811,https://www.kmart.com.au/wcsstore/Kmart/images/ncatalog/sz/9/42905059-1-sz.jpg,19.00,-,Not Rated,0,;,
b15397ae-a00c-4dd9-b49b-92b35f2e8cb4,Toys,https://www.kmart.com.au/category/toys/brands/frozen/347505#.plp-wrapper,Frozen,https://www.kmart.com.au/category/toys/brands/frozen/347505#.plp-wrapper,Disney Frozen II Elsa Snowflake Spirit Necklace,https://www.kmart.com.au/product/disney-frozen-ii-elsa-snowflake-spirit-necklace/3059832,https://www.kmart.com.au/wcsstore/Kmart/images/ncatalog/sz/7/42896067-1-sz.jpg,19.00,-,Not Rated,0,;,
ff0bf761-f114-4037-a4a2-fa6f5f7d57ec,Toys,https://www.kmart.com.au/category/toys/brands/frozen/347505#.plp-wrapper,Frozen,https://www.kmart.com.au/category/toys/brands/frozen/347505#.plp-wrapper,Disney Frozen II Mini Doll - Assorted,https://www.kmart.com.au/product/disney-frozen-ii-mini-doll---assorted/3069801,https://www.kmart.com.au/wcsstore/Kmart/images/ncatalog/sz/3/42871903-1-sz.jpg,5.00						 ea,-,Not Rated,0,;,
4d55bc3d-2caf-4f2d-ad24-a177d69908f1,Toys,https://www.kmart.com.au/category/toys/brands/frozen/347505#.plp-wrapper,Frozen,https://www.kmart.com.au/category/toys/brands/frozen/347505#.plp-wrapper,Disney Frozen Baby Elsa Doll,https://www.kmart.com.au/product/disney-frozen-baby-elsa-doll/2988803,https://www.kmart.com.au/wcsstore/Kmart/images/ncatalog/sz/8/42895688-1-sz.jpg,19.00,-,Not Rated,0,;,
8f4bdf6f-4705-4f7c-8ff9-2c7b8faa0b41,Toys,https://www.kmart.com.au/category/toys/brands/frozen/347505#.plp-wrapper,Frozen,https://www.kmart.com.au/category/toys/brands/frozen/347505#.plp-wrapper,Disney Frozen Baby Anna Doll,https://www.kmart.com.au/product/disney-frozen-baby-anna-doll/2988804,https://www.kmart.com.au/wcsstore/Kmart/images/ncatalog/sz/5/42895695-1-sz.jpg,19.00,-,Not Rated,0,;,
c495b7be-273d-4044-8dc5-463a948454c3,Toys,https://www.kmart.com.au/category/toys/brands/frozen/347505#.plp-wrapper,Frozen,https://www.kmart.com.au/category/toys/brands/frozen/347505#.plp-wrapper,Disney Frozen II Travel Anna,https://www.kmart.com.au/product/disney-frozen-ii-travel-anna/3041349,https://www.kmart.com.au/wcsstore/Kmart/images/ncatalog/sz/8/42895718-1-sz.jpg,29.00,-,Not Rated,0,;,
fd2424a5-a18e-4b63-b4f4-1ab7a00dfa84,Toys,https://www.kmart.com.au/category/toys/brands/frozen/347505#.plp-wrapper,Frozen,https://www.kmart.com.au/category/toys/brands/frozen/347505#.plp-wrapper,Disney Frozen II Travel Elsa,https://www.kmart.com.au/product/disney-frozen-ii-travel-elsa/3041350,https://www.kmart.com.au/wcsstore/Kmart/images/ncatalog/sz/5/42895725-1-sz.jpg,29.00,-,Not Rated,0,;,
0cff377a-9694-4a3c-b204-9061ca5e17b3,Toys,https://www.kmart.com.au/category/toys/brands/frozen/347505#.plp-wrapper,Frozen,https://www.kmart.com.au/category/toys/brands/frozen/347505#.plp-wrapper,Disney Frozen II Sticker Box Set,https://www.kmart.com.au/product/disney-frozen-ii-sticker-box-set/2997349,https://www.kmart.com.au/wcsstore/Kmart/images/ncatalog/sz/8/42917908-1-sz.jpg,5.00,-,Not Rated,0,;,
531cb972-5ae8-4008-8026-4d409c07cd96,Toys,https://www.kmart.com.au/category/toys/brands/frozen/347505#.plp-wrapper,Frozen,https://www.kmart.com.au/category/toys/brands/frozen/347505#.plp-wrapper,Disney Frozen II Magical Reveal Pad,https://www.kmart.com.au/product/disney-frozen-ii-magical-reveal-pad/2997355,https://www.kmart.com.au/wcsstore/Kmart/images/ncatalog/sz/3/42917823-1-sz.jpg,5.00,-,Not Rated,0,;,
b9563402-7ed2-4fe0-8a42-119521a093de,Toys,https://www.kmart.com.au/category/toys/brands/frozen/347505#.plp-wrapper,Frozen,https://www.kmart.com.au/category/toys/brands/frozen/347505#.plp-wrapper,Disney Frozen ll Metallic Sticker Book,https://www.kmart.com.au/product/disney-frozen-ll-metallic-sticker-book/2997356,https://www.kmart.com.au/wcsstore/Kmart/images/ncatalog/sz/0/42917830-1-sz.jpg,3.00,-,Not Rated,0,;,
af506d54-5cce-47bd-9961-b90d95b11488,Toys,https://www.kmart.com.au/category/toys/brands/frozen/347505#.plp-wrapper,Frozen,https://www.kmart.com.au/category/toys/brands/frozen/347505#.plp-wrapper,Disney Frozen ll Poster Art Set,https://www.kmart.com.au/product/disney-frozen-ll-poster-art-set/2997357,https://www.kmart.com.au/wcsstore/Kmart/images/ncatalog/sz/7/42917847-1-sz.jpg,5.00,-,Not Rated,0,;,
b98b99b2-40a9-4163-8183-cc8262ae06a4,Toys,https://www.kmart.com.au/category/toys/brands/frozen/347505#.plp-wrapper,Frozen,https://www.kmart.com.au/category/toys/brands/frozen/347505#.plp-wrapper,Disney Frozen II Paint Your Own Canvas Set,https://www.kmart.com.au/product/disney-frozen-ii-paint-your-own-canvas-set/2997359,https://www.kmart.com.au/wcsstore/Kmart/images/ncatalog/sz/5/42917885-1-sz.jpg,5.00,-,Not Rated,0,;,
147f9a56-a1d4-471c-b88a-b9d794af4cf7,Toys,https://www.kmart.com.au/category/toys/brands/frozen/347505#.plp-wrapper,Frozen,https://www.kmart.com.au/category/toys/brands/frozen/347505#.plp-wrapper,Disney Frozen II Colour & Carry Kit,https://www.kmart.com.au/product/disney-frozen-ii-colour--carry-kit/3014829,https://www.kmart.com.au/wcsstore/Kmart/images/ncatalog/sz/2/42917892-1-sz.jpg,5.00,-,Not Rated,0,;,
85c47616-89bf-4ec0-8b30-6f3538c0823d,Toys,https://www.kmart.com.au/category/toys/brands/frozen/347505#.plp-wrapper,Frozen,https://www.kmart.com.au/category/toys/brands/frozen/347505#.plp-wrapper,Disney Frozen ll Musical Adventure Anna,https://www.kmart.com.au/product/disney-frozen-ll-musical-adventure-anna/2951323,https://www.kmart.com.au/wcsstore/Kmart/images/ncatalog/sz/2/42862352-1-sz.jpg,39.00,-,Not Rated,0,;,
51cac3b6-9542-4792-8db5-93f9f7b0b7f2,Toys,https://www.kmart.com.au/category/toys/brands/frozen/347505#.plp-wrapper,Frozen,https://www.kmart.com.au/category/toys/brands/frozen/347505#.plp-wrapper,Disney Frozen ll Magical Discovery Elsa,https://www.kmart.com.au/product/disney-frozen-ll-magical-discovery-elsa/2951324,https://www.kmart.com.au/wcsstore/Kmart/images/ncatalog/sz/9/42862369-1-sz.jpg,35.00,-,Not Rated,0,;,
e04840d4-91d5-4b61-8ce4-1aebec24066f,Toys,https://www.kmart.com.au/category/toys/brands/frozen/347505#.plp-wrapper,Frozen,https://www.kmart.com.au/category/toys/brands/frozen/347505#.plp-wrapper,Disney Frozen ll Musical Adventure Elsa,https://www.kmart.com.au/product/disney-frozen-ll-musical-adventure-elsa/2955816,https://www.kmart.com.au/wcsstore/Kmart/images/ncatalog/sz/5/42862345-1-sz.jpg,39.00,-,Not Rated,0,;,
b5002de5-e6a0-4929-a5e9-b17f33fa370e,Toys,https://www.kmart.com.au/category/toys/brands/frozen/347505#.plp-wrapper,Frozen,https://www.kmart.com.au/category/toys/brands/frozen/347505#.plp-wrapper,Frozen II Talking Olaf Plush Toy,https://www.kmart.com.au/product/frozen-ii-talking-olaf-plush-toy/2903319,https://www.kmart.com.au/wcsstore/Kmart/images/ncatalog/sz/2/42840312-1-sz.jpg,25.00,-,Not Rated,0,;,
1d7e1189-99fe-44a2-8b7e-45b1f37e09e6,Toys,https://www.kmart.com.au/category/toys/brands/frozen/347505#.plp-wrapper,Frozen,https://www.kmart.com.au/category/toys/brands/frozen/347505#.plp-wrapper,Frozen II Squishy - Assorted,https://www.kmart.com.au/product/frozen-ii-squishy---assorted/2924355,https://www.kmart.com.au/wcsstore/Kmart/images/ncatalog/sz/5/42866985-1-sz.jpg,6.00						 ea,-,Not Rated,0,;,
9d3f7374-c3b1-43cd-b7a6-aef77f541b9e,Toys,https://www.kmart.com.au/category/toys/brands/frozen/347505#.plp-wrapper,Frozen,https://www.kmart.com.au/category/toys/brands/frozen/347505#.plp-wrapper,Disney Frozen II Light-Up Melody Microphone,https://www.kmart.com.au/product/disney-frozen-ii-light-up-melody-microphone/2912337,https://www.kmart.com.au/wcsstore/Kmart/images/ncatalog/sz/8/42866978-1-sz.jpg,10.00,-,Not Rated,0,;,
cc054033-1ecf-40e6-b703-271e50793646,Toys,https://www.kmart.com.au/category/toys/brands/frozen/347505#.plp-wrapper,Frozen,https://www.kmart.com.au/category/toys/brands/frozen/347505#.plp-wrapper,Disney Frozen II Multi Character Adventure Collection,https://www.kmart.com.au/product/disney-frozen-ii-multi-character-adventure-collection/2847347,https://www.kmart.com.au/wcsstore/Kmart/images/ncatalog/sz/7/42869757-1-sz.jpg,32.00,-,Not Rated,0,;,
7e4927ee-7569-4be6-b963-0ff0f5ef943b,Toys,https://www.kmart.com.au/category/toys/brands/frozen/347505#.plp-wrapper,Frozen,https://www.kmart.com.au/category/toys/brands/frozen/347505#.plp-wrapper,Disney Wooden Toys Frozen Arendelle Castle Set,https://www.kmart.com.au/product/disney-wooden-toys-frozen-arendelle-castle-set/2833829,https://www.kmart.com.au/wcsstore/Kmart/images/ncatalog/sz/2/42835462-1-sz.jpg,29.00,-,Not Rated,0,;,
9516302e-1eae-49c3-8527-56c98fc6f05b,Toys,https://www.kmart.com.au/category/toys/brands/frozen/347505#.plp-wrapper,Frozen,https://www.kmart.com.au/category/toys/brands/frozen/347505#.plp-wrapper,Disney Frozen II 2 Pack Booster Trading Cards,https://www.kmart.com.au/product/disney-frozen-ii-2-pack-booster-trading-cards/2857877,https://www.kmart.com.au/wcsstore/Kmart/images/ncatalog/sz/7/42863137-1-sz.jpg,5.00,-,Not Rated,0,;CLICK & COLLECT ONLY,
e192f677-1f77-411d-a83b-42ac15f8f52f,Toys,https://www.kmart.com.au/category/toys/brands/frozen/347505#.plp-wrapper,Frozen,https://www.kmart.com.au/category/toys/brands/frozen/347505#.plp-wrapper,Disney Frozen II 2 Pack Paint Your Own Plaster Set,https://www.kmart.com.au/product/disney-frozen-ii-2-pack-paint-your-own-plaster-set/2832812,https://www.kmart.com.au/wcsstore/Kmart/images/ncatalog/sz/8/42822158-1-sz.jpg,12.00,-,Not Rated,0,;,
4f3d3e86-9ad9-4a33-bfed-9dcb74e4ad43,Toys,https://www.kmart.com.au/category/toys/brands/frozen/347505#.plp-wrapper,Frozen,https://www.kmart.com.au/category/toys/brands/frozen/347505#.plp-wrapper,Frozen Candy Cool Fan 10g - Assorted,https://www.kmart.com.au/product/frozen-candy-cool-fan-10g---assorted/2806857,https://www.kmart.com.au/wcsstore/Kmart/images/ncatalog/sz/3/42808893-1-sz.jpg,5.00						 ea,-,Not Rated,0,;,
eee4e000-0ef2-4c32-87bc-9194272bd58d,Toys,https://www.kmart.com.au/category/toys/brands/frozen/347505#.plp-wrapper,Frozen,https://www.kmart.com.au/category/toys/brands/frozen/347505#.plp-wrapper,Disney Frozen II Medium Plush Toy - Assorted,https://www.kmart.com.au/product/disney-frozen-ii-medium-plush-toy---assorted/2814803,https://www.kmart.com.au/wcsstore/Kmart/images/ncatalog/sz/6/42797326-1-sz.jpg,9.00						 ea					WAS 12,9.00						 ea					,Not Rated,0,;,
45f534b9-28e3-4dba-9eaa-2491ba824115,Toys,https://www.kmart.com.au/category/toys/brands/frozen/347505#.plp-wrapper,Frozen,https://www.kmart.com.au/category/toys/brands/frozen/347505#.plp-wrapper,Disney Frozen II Glam Up Your Eraser Ball - Assorted,https://www.kmart.com.au/product/disney-frozen-ii-glam-up-your-eraser-ball---assorted/2800847,https://www.kmart.com.au/wcsstore/Kmart/images/ncatalog/sz/7/42821977-1-sz.jpg,8.00						 ea,-,Not Rated,0,;,
d418ed67-7d65-451f-aa8e-6f4ecbf8191b,Toys,https://www.kmart.com.au/category/toys/brands/frozen/347505#.plp-wrapper,Frozen,https://www.kmart.com.au/category/toys/brands/frozen/347505#.plp-wrapper,Frozen II Create-A-Scene Activity Set,https://www.kmart.com.au/product/frozen-ii-create-a-scene-activity-set/2798870,https://www.kmart.com.au/wcsstore/Kmart/images/ncatalog/sz/5/42822165-1-sz.jpg,6.00,-,Not Rated,0,;,
fedda53c-8655-4149-a29d-29097b3b6553,Toys,https://www.kmart.com.au/category/toys/brands/frozen/347505#.plp-wrapper,Frozen,https://www.kmart.com.au/category/toys/brands/frozen/347505#.plp-wrapper,Frozen II Water Art Set,https://www.kmart.com.au/product/frozen-ii-water-art-set/2798871,https://www.kmart.com.au/wcsstore/Kmart/images/ncatalog/sz/9/42822219-1-sz.jpg,6.00,-,Not Rated,0,;,
64303727-c594-4673-a95c-1073acf86e22,Toys,https://www.kmart.com.au/category/toys/brands/frozen/347505#.plp-wrapper,Frozen,https://www.kmart.com.au/category/toys/brands/frozen/347505#.plp-wrapper,Disney Frozen II Lip Gloss and Purse Set,https://www.kmart.com.au/product/disney-frozen-ii-lip-gloss-and-purse-set/2795844,https://www.kmart.com.au/wcsstore/Kmart/images/ncatalog/sz/3/42807193-1-sz.jpg,5.00,-,Not Rated,0,;,
edbfa646-a679-4e4e-8afc-7e4e6ae9a4ef,Toys,https://www.kmart.com.au/category/toys/brands/frozen/347505#.plp-wrapper,Frozen,https://www.kmart.com.au/category/toys/brands/frozen/347505#.plp-wrapper,Disney Frozen II Fashion Set,https://www.kmart.com.au/product/disney-frozen-ii-fashion-set/2767302,https://www.kmart.com.au/wcsstore/Kmart/images/ncatalog/sz/5/42799955-1-sz.jpg,69.00,-,Not Rated,0,;,
f5a899f4-e22b-441c-b6d6-e956d96dbde9,Toys,https://www.kmart.com.au/category/toys/brands/frozen/347505#.plp-wrapper,Frozen,https://www.kmart.com.au/category/toys/brands/frozen/347505#.plp-wrapper,Disney Frozen II Keepsake Box Set,https://www.kmart.com.au/product/disney-frozen-ii-keepsake-box-set/2767303,https://www.kmart.com.au/wcsstore/Kmart/images/ncatalog/sz/9/42813279-1-sz.jpg,19.00,-,Not Rated,0,;,
98fa2a9d-4cb5-4632-828a-2f6f66625a5e,Toys,https://www.kmart.com.au/category/toys/brands/frozen/347505#.plp-wrapper,Frozen,https://www.kmart.com.au/category/toys/brands/frozen/347505#.plp-wrapper,Disney Frozen II Elsa Adventure Doll,https://www.kmart.com.au/product/disney-frozen-ii-elsa-adventure-doll/2760312,https://www.kmart.com.au/wcsstore/Kmart/images/ncatalog/sz/2/42797302-1-sz.jpg,35.00,-,Not Rated,0,;,
9337d1e0-fee3-4340-963c-fb30bc6081d4,Toys,https://www.kmart.com.au/category/toys/brands/frozen/347505#.plp-wrapper,Frozen,https://www.kmart.com.au/category/toys/brands/frozen/347505#.plp-wrapper,Disney Frozen II Anna Adventure Doll,https://www.kmart.com.au/product/disney-frozen-ii-anna-adventure-doll/2760313,https://www.kmart.com.au/wcsstore/Kmart/images/ncatalog/sz/9/42797319-1-sz.jpg,35.00,-,Not Rated,0,;,
f56a61ee-7645-4f14-b7c2-1eb8b21dc89f,Toys,https://www.kmart.com.au/category/toys/brands/frozen/347505#.plp-wrapper,Frozen,https://www.kmart.com.au/category/toys/brands/frozen/347505#.plp-wrapper,Disney Frozen II Elsa Doll,https://www.kmart.com.au/product/disney-frozen-ii-elsa-doll/2760329,https://www.kmart.com.au/wcsstore/Kmart/images/ncatalog/sz/8/42808718-1-sz.jpg,19.00,-,Not Rated,0,;,
5a1f37ee-0f76-4c8a-8ad5-6b455ff871d3,Toys,https://www.kmart.com.au/category/toys/brands/frozen/347505#.plp-wrapper,Frozen,https://www.kmart.com.au/category/toys/brands/frozen/347505#.plp-wrapper,Disney Frozen II Magic Learning Watch,https://www.kmart.com.au/product/disney-frozen-ii-magic-learning-watch/2760330,https://www.kmart.com.au/wcsstore/Kmart/images/ncatalog/sz/2/42808732-1-sz.jpg,22.00,-,Not Rated,0,;,
20e0bcc8-42a4-47f2-99b9-96972bb1e3d3,Toys,https://www.kmart.com.au/category/toys/brands/frozen/347505#.plp-wrapper,Frozen,https://www.kmart.com.au/category/toys/brands/frozen/347505#.plp-wrapper,Disney Frozen II Kids Secret Diary,https://www.kmart.com.au/product/disney-frozen-ii-kids-secret-diary/2760331,https://www.kmart.com.au/wcsstore/Kmart/images/ncatalog/sz/9/42808749-1-sz.jpg,45.00,-,Not Rated,0,;,
c0bb2975-99f4-4700-b476-7376a818415b,Toys,https://www.kmart.com.au/category/toys/brands/frozen/347505#.plp-wrapper,Frozen,https://www.kmart.com.au/category/toys/brands/frozen/347505#.plp-wrapper,Disney Frozen II Anna Doll,https://www.kmart.com.au/product/disney-frozen-ii-anna-doll/2760335,https://www.kmart.com.au/wcsstore/Kmart/images/ncatalog/sz/1/42808701-1-sz.jpg,19.00,-,Not Rated,0,;,
b1b200ef-e559-47db-b7b2-7532ebd8d920,Toys,https://www.kmart.com.au/category/toys/brands/frozen/347505#.plp-wrapper,Frozen,https://www.kmart.com.au/category/toys/brands/frozen/347505#.plp-wrapper,Disney Frozen II Elsa Costume - Ages 4-6,https://www.kmart.com.au/product/disney-frozen-ii-elsa-costume---ages-4-6/2763801,https://www.kmart.com.au/wcsstore/Kmart/images/ncatalog/sz/2/42801412-1-sz.jpg,20.00,-,Not Rated,0,;,
8da243cd-1d1d-43ac-b88c-e29b40a730ad,Toys,https://www.kmart.com.au/category/toys/brands/frozen/347505#.plp-wrapper,Frozen,https://www.kmart.com.au/category/toys/brands/frozen/347505#.plp-wrapper,Disney Frozen II Anna Costume - Ages 4-6,https://www.kmart.com.au/product/disney-frozen-ii-anna-costume---ages-4-6/2760321,https://www.kmart.com.au/wcsstore/Kmart/images/ncatalog/sz/9/42801429-1-sz.jpg,20.00,-,Not Rated,0,;,
91d76e35-f8a2-4863-b315-1eaeaed2d0ce,Toys,https://www.kmart.com.au/category/toys/brands/frozen/347505#.plp-wrapper,Frozen,https://www.kmart.com.au/category/toys/brands/frozen/347505#.plp-wrapper,LEGO Disney Frozen Elsa's Wagon Adventure - 41166,https://www.kmart.com.au/product/lego-disney-frozen-elsas-wagon-adventure---41166/2754323,https://www.kmart.com.au/wcsstore/Kmart/images/ncatalog/sz/9/42797159-1-sz.jpg,39.00,-,Not Rated,0,;,
65e32bf0-6c36-4fb5-9f51-660d2cf8a7a6,Toys,https://www.kmart.com.au/category/toys/brands/frozen/347505#.plp-wrapper,Frozen,https://www.kmart.com.au/category/toys/brands/frozen/347505#.plp-wrapper,LEGO Disney Frozen Olaf - 41169,https://www.kmart.com.au/product/lego-disney-frozen-olaf---41169/2754340,https://www.kmart.com.au/wcsstore/Kmart/images/ncatalog/sz/5/42806325-1-sz.jpg,19.00,-,Not Rated,0,;,
7433173d-0048-4568-b19a-808fbf752a1b,Toys,https://www.kmart.com.au/category/toys/brands/frozen/347505#.plp-wrapper,Frozen,https://www.kmart.com.au/category/toys/brands/frozen/347505#.plp-wrapper,LEGO Disney Frozen Elsa's Jewellery Box Creation - 41168,https://www.kmart.com.au/product/lego-disney-frozen-elsas-jewellery-box-creation---41168/2754324,https://www.kmart.com.au/wcsstore/Kmart/images/ncatalog/sz/6/42797166-1-sz.jpg,54.00,-,Not Rated,0,;,
54cfcdc2-c74c-4b27-abc1-546f497c8356,Toys,https://www.kmart.com.au/category/toys/brands/frozen/347505#.plp-wrapper,Frozen,https://www.kmart.com.au/category/toys/brands/frozen/347505#.plp-wrapper,LEGO Disney Frozen Enchanted Treehouse - 41164,https://www.kmart.com.au/product/lego-disney-frozen-enchanted-treehouse---41164/2754325,https://www.kmart.com.au/wcsstore/Kmart/images/ncatalog/sz/3/42797173-1-sz.jpg,69.00,-,Not Rated,0,;,
13ea67e4-b083-4f5d-a8ff-1fc060a3d50e,Toys,https://www.kmart.com.au/category/toys/brands/frozen/347505#.plp-wrapper,Frozen,https://www.kmart.com.au/category/toys/brands/frozen/347505#.plp-wrapper,LEGO Disney Frozen Arendelle Castle Village - 41167,https://www.kmart.com.au/product/lego-disney-frozen-arendelle-castle-village---41167/2754326,https://www.kmart.com.au/wcsstore/Kmart/images/ncatalog/sz/0/42797180-1-sz.jpg,99.00,-,Not Rated,0,;Out of stock online,
3ce965b2-2dad-4259-aa6e-98b9a8630af4,Toys,https://www.kmart.com.au/category/toys/brands/frozen/347505#.plp-wrapper,Frozen,https://www.kmart.com.au/category/toys/brands/frozen/347505#.plp-wrapper,Frozen Birthday Card,https://www.kmart.com.au/product/frozen-birthday-card/1913804,https://www.kmart.com.au/wcsstore/Kmart/images/ncatalog/sz/6/42356356-1-sz.jpg,4.00,-,Not Rated,0,;,
9c8725ae-79db-4c69-a6fc-30ffee0aeb1e,Toys,https://www.kmart.com.au/category/toys/brands/frozen/347505#.plp-wrapper,Frozen,https://www.kmart.com.au/category/toys/brands/frozen/347505#.plp-wrapper,Frozen Birthday Card,https://www.kmart.com.au/product/frozen-birthday-card/1913810,https://www.kmart.com.au/wcsstore/Kmart/images/ncatalog/sz/2/42356912-1-sz.jpg,6.00,-,Not Rated,0,;,
85f8d693-a8e2-4e7b-b912-194f65c6a852,Toys,https://www.kmart.com.au/category/toys/brands/frozen/347505#.plp-wrapper,Frozen,https://www.kmart.com.au/category/toys/brands/frozen/347505#.plp-wrapper,Large Frozen Gift Bag,https://www.kmart.com.au/product/large-frozen-gift-bag/1915322,https://www.kmart.com.au/wcsstore/Kmart/images/ncatalog/sz/3/42367383-1-sz.jpg,4.00,-,Not Rated,0,;,
