2647ae08-bf16-4a40-812d-8258ebd6fe5e,Women,https://www.kmart.com.au/category/women/womens-accessories/belts/429012#.plp-wrapper,Belts,https://www.kmart.com.au/category/women/womens-accessories/belts/429012#.plp-wrapper,Stitch Belt,https://www.kmart.com.au/product/stitch-belt/2997818,https://www.kmart.com.au/wcsstore/Kmart/images/ncatalog/sz/3/69976513-1-sz.jpg,8.00,-,Not Rated,0,;,
7c09fd61-aba9-44a0-9460-3e079dfbf0c8,Women,https://www.kmart.com.au/category/women/womens-accessories/belts/429012#.plp-wrapper,Belts,https://www.kmart.com.au/category/women/womens-accessories/belts/429012#.plp-wrapper,Chain Link Belt,https://www.kmart.com.au/product/chain-link-belt/2982819,https://www.kmart.com.au/wcsstore/Kmart/images/ncatalog/sz/8/69943768-1-sz.jpg,8.00,-,Not Rated,0,;,
5cb23a78-1ed4-49d6-b0d7-c5d5b9f0d305,Women,https://www.kmart.com.au/category/women/womens-accessories/belts/429012#.plp-wrapper,Belts,https://www.kmart.com.au/category/women/womens-accessories/belts/429012#.plp-wrapper,Textured Ring Belt,https://www.kmart.com.au/product/textured-ring-belt/2901803,https://www.kmart.com.au/wcsstore/Kmart/images/ncatalog/sz/9/69800849-1-sz.jpg,8.00,-,Not Rated,0,;,
878f5e0f-9a3c-40e2-8128-0c11bfa0f455,Women,https://www.kmart.com.au/category/women/womens-accessories/belts/429012#.plp-wrapper,Belts,https://www.kmart.com.au/category/women/womens-accessories/belts/429012#.plp-wrapper,Double Buckle Belt,https://www.kmart.com.au/product/double-buckle-belt/2903331,https://www.kmart.com.au/wcsstore/Kmart/images/ncatalog/sz/5/69809255-1-sz.jpg,8.00,-,5.0 ,1 ,;,
257cce9f-0892-4304-a9db-2248a3e3e8d9,Women,https://www.kmart.com.au/category/women/womens-accessories/belts/429012#.plp-wrapper,Belts,https://www.kmart.com.au/category/women/womens-accessories/belts/429012#.plp-wrapper,Double Ring Belt,https://www.kmart.com.au/product/double-ring-belt/2677842,https://www.kmart.com.au/wcsstore/Kmart/images/ncatalog/sz/2/69442902-1-sz.jpg,8.00,-,4.6 ,7 ,;,
8fc50af9-8e3e-4a6e-9829-f56e3c3c19dd,Women,https://www.kmart.com.au/category/women/womens-accessories/belts/429012#.plp-wrapper,Belts,https://www.kmart.com.au/category/women/womens-accessories/belts/429012#.plp-wrapper,Basic Jeans Belt,https://www.kmart.com.au/product/basic-jeans-belt/1627838,https://www.kmart.com.au/wcsstore/Kmart/images/ncatalog/sz/1/66621171-1-sz.jpg,8.00,-,4.2 ,11 ,;,
ea31696a-f93e-4b3b-8915-364c634aef27,Women,https://www.kmart.com.au/category/women/womens-accessories/belts/429012#.plp-wrapper,Belts,https://www.kmart.com.au/category/women/womens-accessories/belts/429012#.plp-wrapper,Perforated Jeans Belt,https://www.kmart.com.au/product/perforated-jeans-belt/1251808,https://www.kmart.com.au/wcsstore/Kmart/images/ncatalog/sz/3/67852253-1-sz.jpg,8.00,-,5.0 ,1 ,;,
8dd54dc6-505b-4e29-95d8-ec327b223fcb,Women,https://www.kmart.com.au/category/women/womens-accessories/belts/429012#.plp-wrapper,Belts,https://www.kmart.com.au/category/women/womens-accessories/belts/429012#.plp-wrapper,Classic Skinny Belt,https://www.kmart.com.au/product/classic-skinny-belt/1627837,https://www.kmart.com.au/wcsstore/Kmart/images/ncatalog/sz/7/65069257-1-sz.jpg,3.00,-,4.8 ,5 ,;,
67d1d614-ad39-454d-8701-2ce5f18f63a5,Women,https://www.kmart.com.au/category/women/womens-accessories/belts/429012#.plp-wrapper,Belts,https://www.kmart.com.au/category/women/womens-accessories/belts/429012#.plp-wrapper,Skinny Dress Belt,https://www.kmart.com.au/product/skinny-dress-belt/1282314,https://www.kmart.com.au/wcsstore/Kmart/images/ncatalog/sz/3/67118823-1-sz.jpg,8.00,-,Not Rated,0,;,
07c0fea1-5593-4ad0-a943-b31aa0e95a96,Women,https://www.kmart.com.au/category/women/womens-accessories/belts/429012#.plp-wrapper,Belts,https://www.kmart.com.au/category/women/womens-accessories/belts/429012#.plp-wrapper,Western Jeans Belt,https://www.kmart.com.au/product/western-jeans-belt/1251809,https://www.kmart.com.au/wcsstore/Kmart/images/ncatalog/sz/5/67118885-1-sz.jpg,8.00,-,4.5 ,2 ,;,
